"observed","SAR","M5P.pred","SVMR.pred","predLars","predMars"
0.54,0.57,0.563862547683266,0.663076155867793,0.70100309889634,0.599971064237091
0.49,0.57,0.563862547683266,0.652350548073982,0.709578397870261,0.599971064237091
0.58,0.57,0.563862547683266,0.637669152012426,0.670808282861636,0.599971064237091
0.5,0.455833333333334,0.563862547683266,0.465289034111126,0.487448654644397,0.367451782443118
0.6,0.57,0.563862547683266,0.675490611002374,0.732893507856209,0.599971064237091
0.54,0.57,0.563862547683266,0.668292395385945,0.728655249547228,0.599971064237091
0.61,0.57,0.563862547683266,0.636245008091335,0.729831621561668,0.599971064237091
0.62,0.651842105263158,0.628672077487428,0.60800777139486,0.626477839593858,0.641836622847662
0.62,0.6,0.628672077487428,0.553814770251301,0.521023338086556,0.571883792070917
0.58,0.651842105263158,0.628672077487428,0.530274244522969,0.526093160791767,0.526123490804893
0.61,0.404,0.628672077487428,0.641801819408776,0.413234955513121,0.496872575876374
0.7,0.651842105263158,0.628672077487428,0.599555055574017,0.643448173441873,0.641836622847662
0.61,0.455833333333334,0.628672077487428,0.620114465621515,0.412923395341914,0.496990288912461
0.6,0.47211666675,0.628672077487428,0.444234377696243,0.586701356142399,0.641836622847662
0.81,0.803571428571429,0.739485588683184,0.751637337056585,0.710131724519241,0.780217842961549
0.85,0.803571428571429,0.739485588683184,0.823808964795779,0.736913612921917,0.780217842961549
0.83,0.803571428571429,0.739485588683184,0.739082514387097,0.649344109919035,0.69772736686709
0.85,0.803571428571429,0.739485588683184,0.732319761904905,0.736224137471366,0.780217842961549
0.793333333,0.705111111133333,0.707581991751418,0.718383478979952,0.668639656904857,0.817302519153837
0.73,0.705111111133333,0.707855899350385,0.724791304535028,0.737594551483343,0.754884638067747
0.67,0.705111111133333,0.707855899350385,0.676308654701927,0.700379197941698,0.754884638067747
0.54,0.705111111133333,0.707855899350385,0.654205042286841,0.607966515214839,0.639171506024978
0.65,0.705111111133333,0.707855899350385,0.721126337403535,0.713061253035044,0.754884638067747
0.75,0.705111111133333,0.707855899350385,0.701104552825249,0.724632052414393,0.754884638067747
0.72,0.69,0.659142697357204,0.683355017133482,0.671811912622406,0.723579532468486
0.73,0.76695652173913,0.659142697357204,0.716976832589559,0.690198766150989,0.723579532468486
0.84,0.76695652173913,0.659142697357204,0.728366529822151,0.698593801025082,0.723579532468486
0.44,0.455833333333334,0.659142697357204,0.488510593099048,0.468069022925124,0.489384807901103
0.79,0.76695652173913,0.659142697357204,0.697853378465793,0.709275617827955,0.723579532468486
0.62,0.708181818181818,0.682404207402181,0.662255106357055,0.677256060002118,0.776534780491935
0.67,0.708181818181818,0.682404207402181,0.580341982395794,0.586682935754689,0.660821648449167
0.62,0.708181818181818,0.682404207402181,0.644619840614968,0.6956429135307,0.776534780491935
0.76,0.708181818181818,0.682404207402181,0.733664856006606,0.703348472954243,0.776534780491935
0.81,0.799,0.794775960029333,0.698045723207564,0.692459574079458,0.714270325910389
0.59,0.55,0.794775960029333,0.583427345685434,0.587005072572157,0.600880851419504
0.81,0.799,0.794775960029333,0.791123709373523,0.721702931545871,0.714270325910389
0.79,0.799,0.794775960029333,0.713303531941924,0.684487578004226,0.714270325910389
0.51,0.463333333333333,0.794775960029333,0.57647784491009,0.592074895277367,0.59855719386762
0.7,0.799,0.794775960029333,0.688603593124525,0.662264758044754,0.714270325910389
0.59,0.545,0.794775960029333,0.596479074960773,0.62186040492459,0.632675843918535
0.82,0.799,0.794775960029333,0.750143036558287,0.730062860430652,0.714270325910389
0.41,0.455833333333334,0.794775960029333,0.504888377475771,0.478905129827514,0.479482834046602
0.83,0.799,0.794775960029333,0.751134549711629,0.720111724730346,0.714270325910389
0.41,0.453970588235294,0.794775960029333,0.478970327654374,0.465151741983861,0.463855760284735
0.816666667,0.727075193790698,0.670793001569159,0.709170106008583,0.651442328974152,0.719540803857137
0.61,0.674444444444444,0.674969634378385,0.580567607996763,0.68340292168523,0.690050272175185
0.52,0.55,0.674969634378385,0.538083271022368,0.577948420177928,0.576169161405018
0.69,0.674444444444444,0.674969634378385,0.730746819283684,0.712646279151643,0.690050272175185
0.62,0.674444444444444,0.674969634378385,0.642492170440808,0.675430925609998,0.690050272175185
0.44,0.471025641025641,0.674969634378385,0.441043300508473,0.470160037604492,0.45405315086473
0.65,0.674444444444444,0.674969634378385,0.66674917552559,0.691978220659151,0.690050272175185
0.73,0.674444444444444,0.674969634378385,0.734795265713854,0.700373255533244,0.690050272175185
0.67,0.674444444444444,0.674969634378385,0.700363593058446,0.715293330645099,0.690050272175185
0.63,0.674444444444444,0.674969634378385,0.689563424607755,0.711055072336118,0.690050272175185
0.43,0.471025641025641,0.686556412073152,0.434532793426024,0.461519353430972,0.456168810339125
0.69,0.76695652173913,0.686556412073152,0.721095189558323,0.679472296529824,0.691064269391445
0.68,0.64,0.686556412073152,0.702788847696429,0.644567421477005,0.691064269391445
0.76,0.76695652173913,0.686556412073152,0.784843739480169,0.691043095909172,0.691064269391445
0.743333333,0.63277777775,0.683058707531217,0.709510057764894,0.630847165824164,0.71901289497629
0.75,0.76125,0.697806379336441,0.776908420432504,0.573908594455117,0.698045536144433
0.74,0.76125,0.697806379336441,0.738772842114166,0.671391099887187,0.812006482350281
0.49,0.471025641025641,0.697806379336441,0.500988952378207,0.466120211881682,0.575843917158295
0.79,0.76125,0.697806379336441,0.726000357623534,0.649168279927715,0.812006482350281
0.82,0.76125,0.697806379336441,0.642456931072026,0.696333429810434,0.812006482350281
0.74,0.76125,0.697806379336441,0.672814125733848,0.608763926807551,0.730000772254895
0.79,0.76125,0.697806379336441,0.744401990811966,0.716966382313613,0.812006482350281
0.76,0.76125,0.697806379336441,0.782423334651867,0.707015246613307,0.812006482350281
0.48,0.453970588235294,0.697806379336441,0.536311173315565,0.452055263866822,0.560329852129019
0.83,0.76125,0.697806379336441,0.739301668754676,0.695643954359882,0.812006482350281
0.83,0.76125,0.697806379336441,0.740655122116546,0.697630617953036,0.812006482350281
0.75,0.76125,0.697806379336441,0.690562312857036,0.64936597305599,0.812006482350281
0.76,0.775,0.710656133889884,0.707470440225721,0.690729165346021,0.841236046204926
0.49,0.408,0.710656133889884,0.464947591872997,0.487297835819946,0.60585537125806
0.74,0.775,0.710656133889884,0.729748027692619,0.709116018874604,0.841236046204926
0.75,0.775,0.710656133889884,0.711906617779623,0.705250778918797,0.841236046204926
0.8,0.775,0.710656133889884,0.740013132389866,0.670345903865979,0.841236046204926
0.79,0.775,0.710656133889884,0.697417851551021,0.629941550745815,0.759501841734133
0.81,0.775,0.710656133889884,0.729161698033571,0.738144006251878,0.841236046204926
0.5,0.455833333333334,0.710656133889884,0.489074081156288,0.486986275648739,0.60604650398692
0.5,0.453970588235294,0.710656133889884,0.459681811387385,0.473232887805086,0.590392670407094
0.84,0.775,0.710656133889884,0.720655393838875,0.716821578298146,0.841236046204926
0.84,0.775,0.710656133889884,0.7601352617853,0.718808241891301,0.841236046204926
0.676666667,0.893333333333333,0.709479964196319,0.682606282312171,0.667012526181357,0.828413030135843
0.87,0.846923076923077,0.718637999044567,0.884494725057774,0.714654484037935,0.838773915852965
0.86,0.846923076923077,0.718637999044567,0.862003443866886,0.733731335714902,0.838773915852965
0.86,0.846923076923077,0.718637999044567,0.772978230709634,0.722360043461477,0.838773915852965
0.823333333,0.564920634904762,0.618652310671691,0.699050837226595,0.654870363034368,0.860114861788267
0.56,0.641739130434783,0.602191004336767,0.586853226882402,0.591189452013326,0.53483267356277
0.64,0.641739130434783,0.602191004336767,0.66679795930571,0.686832398965966,0.648949341494418
0.63,0.641739130434783,0.602191004336767,0.702818605410041,0.688671957445396,0.648949341494418
0.56,0.641739130434783,0.602191004336767,0.581176339124787,0.62604478436576,0.566831574846971
0.66,0.641739130434783,0.602191004336767,0.728664395744187,0.728534362480497,0.648949341494418
0.493333333,0.62,0.659572054178618,0.735608809565665,0.636077270780951,0.570664284906843
0.78,0.76695652173913,0.681464107358288,0.709391924026889,0.677504077401831,0.638184870105169
0.56,0.545,0.681464107358288,0.540252374824002,0.598329609273043,0.556839171394685
0.71,0.76695652173913,0.681464107358288,0.680577247499633,0.700819187387779,0.638184870105169
0.69,0.62,0.705297561982974,0.822645070908248,0.69285437455282,0.735317625994943
0.66,0.63,0.746675200576732,0.572833730204856,0.633185732092043,0.659355868481397
0.84,0.827936507952381,0.746675200576732,0.80196267723549,0.767883591065758,0.772998492988423
0.62,0.603333333333333,0.746675200576732,0.637629307149262,0.638255554797254,0.657285360945654
0.84,0.827936507952381,0.746675200576732,0.959804279159697,0.755610567447359,0.772998492988423
0.7,0.827936507952381,0.746675200576732,0.518975576459621,0.668041064444477,0.691221845548445
0.45,0.455833333333334,0.746675200576732,0.469731376898799,0.525085789347401,0.537686821454329
0.83,0.827936507952381,0.746675200576732,0.786823558436821,0.756907755589962,0.772998492988423
0.76,0.827936507952381,0.746675200576732,0.591697847076026,0.708643110692916,0.772998492988423
0.9,0.865217391304348,0.79971057829826,0.825780468204295,0.689577119863513,0.858956352956838
0.49,0.471025641025641,0.79971057829826,0.519044114217859,0.476334235782776,0.623649762387387
0.84,0.865217391304348,0.79971057829826,0.793876123954761,0.706547453711528,0.858956352956838
0.83,0.865217391304348,0.79971057829826,0.754449702702549,0.618977950708646,0.777247873740053
0.84,0.865217391304348,0.79971057829826,0.823762524731894,0.727180406214708,0.858956352956838
0.48,0.453970588235294,0.79971057829826,0.52680569646759,0.462269287767917,0.608191928310493
0.77,0.865217391304348,0.79971057829826,0.781877490391089,0.659579996957085,0.858956352956838
0.68,0.727075193790698,0.695972832030323,0.719593979127603,0.697823073589314,0.734345627614338
0.52,0.586363636363636,0.695972832030323,0.561501857439757,0.607249949341885,0.618632495571569
0.66,0.727075193790698,0.695972832030323,0.715905351639169,0.71234468716209,0.734345627614338
0.67,0.6325,0.695972832030323,0.6718558665008,0.677439812109271,0.734345627614338
0.78,0.727075193790698,0.695972832030323,0.851841486327993,0.72460496199199,0.734345627614338
0.43,0.455833333333334,0.695972832030323,0.444800025494579,0.494080183892032,0.498148742630673
0.76,0.727075193790698,0.695972832030323,0.754695279575226,0.739525037103845,0.734345627614338
0.75,0.727075193790698,0.695972832030323,0.738147079620826,0.735286778794864,0.734345627614338
0.64,0.727075193790698,0.695972832030323,0.676693563048531,0.677637505237547,0.734345627614338
0.8,0.865217391304348,0.725747773162638,0.710850161542654,0.583219535635054,0.702684605757167
0.88,0.865217391304348,0.725747773162638,0.749169024066195,0.697249336116277,0.81640216617195
0.81,0.865217391304348,0.725747773162638,0.713664225787636,0.69338409616047,0.81640216617195
0.49,0.453970588235294,0.725747773162638,0.551069516135688,0.461366205046759,0.565263040400924
0.91,0.865217391304348,0.725747773162638,0.785938966985428,0.717502559807684,0.81640216617195
0.77,0.9325,0.79963147012829,0.684402881816006,0.652618559230873,0.839656148451123
0.92,0.9325,0.799656522929197,0.665288162772559,0.688927832832492,0.84172809621462
0.95,0.9325,0.799656522929197,0.693952065168163,0.701533337249058,0.84172809621462
0.89,0.9325,0.799656522929197,0.667937057395302,0.697668097293251,0.84172809621462
0.95,0.9325,0.799656522929197,0.715050474803862,0.709928372123151,0.84172809621462
0.93,0.9325,0.799656522929197,0.660343367571911,0.622358869120269,0.760019245811327
0.95,0.9325,0.799656522929197,0.717570869142387,0.711225560265754,0.84172809621462
0.68,0.727075193790698,0.666313551923793,0.640784081338418,0.689714706673105,0.705313653724657
0.57,0.556666666666667,0.666313551923793,0.568631452198526,0.584260205165803,0.59148489193901
0.66,0.6325,0.666313551923793,0.643278234447346,0.6595198906384,0.705313653724657
0.82,0.727075193790698,0.666313551923793,0.70914871072168,0.706685040521119,0.705313653724657
0.78,0.727075193790698,0.666313551923793,0.723521486112062,0.705995565070568,0.705313653724657
0.76,0.727075193790698,0.666313551923793,0.720491547968897,0.707982228663722,0.705313653724657
0.62,0.614210526315789,0.608784602054539,0.602955723227632,0.674534277933636,0.662707139690429
0.45,0.471025641025641,0.608784602054539,0.413759537065776,0.471102948407561,0.426575034540786
0.58,0.614210526315789,0.608784602054539,0.704527334573394,0.689055891506412,0.662707139690429
0.7,0.614210526315789,0.608784602054539,0.651868697578994,0.701316166336312,0.662707139690429
0.65,0.614210526315789,0.608784602054539,0.651147915625844,0.721949118839492,0.662707139690429
0.7,0.614210526315789,0.608784602054539,0.651407880252094,0.716236241448167,0.662707139690429
0.69,0.614210526315789,0.608784602054539,0.704518216742129,0.713174355153626,0.662707139690429
0.57,0.614210526315789,0.608784602054539,0.608972608510911,0.654348709581869,0.662707139690429
0.47,0.463333333333333,0.604323147940405,0.539001514478995,0.592815042380094,0.570242933836564
0.62,0.685641025615385,0.604323147940405,0.738243229797948,0.697909780200298,0.685956065879332
0.74,0.685641025615385,0.604323147940405,0.815770455621666,0.710170055030199,0.685956065879332
0.43,0.455833333333334,0.604323147940405,0.430689796433263,0.479645276930241,0.450605469296209
0.79,0.685641025615385,0.604323147940405,0.79125408936068,0.722028243847512,0.685956065879332
0.67,0.685641025615385,0.604323147940405,0.66939512930385,0.663202598275756,0.685956065879332
0.62,0.727075193790698,0.678311021077917,0.679125456722241,0.666822161280576,0.674940764225701
0.76,0.727075193790698,0.678311021077917,0.740233849187906,0.706684566315677,0.674940764225701
0.8,0.79,0.678311021077917,0.791153599961121,0.703622680021136,0.674940764225701
0.69,0.63277777775,0.605178977790761,0.696021246788968,0.743002774441169,0.712540122244217
0.64,0.63277777775,0.605178977790761,0.659609327944795,0.709729211532111,0.712540122244217
0.52,0.576666666666667,0.605178977790761,0.544473525182757,0.613374738172665,0.596826990201448
0.67,0.63277777775,0.605178977790761,0.718008349368608,0.730040275372219,0.712540122244217
0.68,0.63277777775,0.605178977790761,0.780512562383621,0.742587939640084,0.712540122244217
0.65,0.63277777775,0.605178977790761,0.737171991543539,0.732026938965374,0.712540122244217
0.87,0.893333333333333,0.801378424639327,0.68400889175762,0.694417453581337,0.837618002275104
0.83,0.893333333333333,0.801378424639327,0.637448942308513,0.690387248138693,0.837618002275104
0.82,0.893333333333333,0.801378424639327,0.630511973367242,0.686445457506106,0.837618002275104
0.49,0.471025641025641,0.801378424639327,0.477245296056244,0.4811745695006,0.602017480202494
0.9,0.893333333333333,0.801378424639327,0.645304372037377,0.62381828442647,0.755807457510309
0.87,0.893333333333333,0.801378424639327,0.702544305190994,0.732020739932532,0.837618002275104
0.48,0.455833333333334,0.801378424639327,0.485341317100054,0.480863009329394,0.602208791450602
0.89,0.893333333333333,0.801378424639327,0.658575068801519,0.722069604232226,0.837618002275104
0.5,0.556666666666667,0.681234721968664,0.599881461425769,0.562319336045013,0.601388500158687
0.82,0.788888888888889,0.681234721968664,0.844719419405742,0.697017195018728,0.715141805233676
0.44,0.586363636363636,0.681234721968664,0.562396681497916,0.567389158750224,0.599428673190908
0.44,0.471025641025641,0.681234721968664,0.460173664679843,0.454530953471577,0.479409537119202
0.81,0.788888888888889,0.681234721968664,0.818829201081845,0.672483896570429,0.715141805233676
0.5,0.51,0.681234721968664,0.607064191780341,0.597174668397447,0.633285512626895
0.81,0.788888888888889,0.681234721968664,0.818497202551519,0.699664246512183,0.715141805233676
0.82,0.788888888888889,0.681234721968664,0.867645290913049,0.695425988203202,0.715141805233676
0.84,0.788888888888889,0.681234721968664,0.871234589997012,0.696602360217642,0.715141805233676
0.76,0.788888888888889,0.681234721968664,0.765449044182243,0.637776714645886,0.715141805233676
0.793333333,0.727075193790698,0.671102980346546,0.708245764783451,0.658636814075783,0.632405069395717
0.66,0.694166666666667,0.663745285163186,0.663811482240678,0.700069042753764,0.678970207286708
0.73,0.694166666666667,0.663745285163186,0.751528762965225,0.729312400220178,0.678970207286708
0.51,0.694166666666667,0.663745285163186,0.57848180654807,0.599684363951674,0.56325707524394
0.66,0.694166666666667,0.663745285163186,0.680912541377741,0.66987422671906,0.678970207286708
0.69,0.694166666666667,0.663745285163186,0.740977364028865,0.737672329104959,0.678970207286708
0.44,0.455833333333334,0.663745285163186,0.442007464934486,0.48651459850182,0.44345308540119
0.76,0.694166666666667,0.663745285163186,0.696981298219308,0.716349901151227,0.678970207286708
0.78,0.694166666666667,0.663745285163186,0.770450311528694,0.728897565419092,0.678970207286708
0.64,0.694166666666667,0.663745285163186,0.65553722026523,0.670071919847336,0.678970207286708
0.57,0.614210526315789,0.613100991636294,0.601875944685175,0.583473472113767,0.5605079998976
0.42,0.453970588235294,0.613100991636294,0.37411612090265,0.461620141525472,0.422986983265771
0.62,0.614210526315789,0.613100991636294,0.679957055944446,0.65893085071464,0.67430785712228
0.49,0.471025641025641,0.7937149886518,0.521801247192306,0.479712350268278,0.609822191954759
0.8,0.81,0.7937149886518,0.716643695260624,0.697665293367129,0.84443867455292
0.78,0.81,0.7937149886518,0.77602383420822,0.662760418314311,0.84443867455292
0.49,0.455833333333334,0.7937149886518,0.514497174728477,0.479400790097071,0.610012704147677
0.8,0.81,0.7937149886518,0.78249565000965,0.724845643308884,0.84443867455292
0.49,0.453970588235294,0.7937149886518,0.555863510984166,0.465647402253418,0.594409692666362
0.83,0.81,0.7937149886518,0.75948561768339,0.709236092746478,0.84443867455292
0.71,0.81,0.7937149886518,0.738034557516731,0.653178750897556,0.84443867455292
0.77,0.847766666666667,0.788194487235145,0.652952164891503,0.682322036301888,0.836136812840726
0.83,0.847766666666667,0.788194487235145,0.685207854346109,0.687032095320002,0.836136812840726
0.89,0.745,0.788194487235145,0.763522889094003,0.699292370149903,0.836136812840726
0.85,0.847766666666667,0.788194487235145,0.750029123863811,0.719925322653083,0.836136812840726
0.93,0.847766666666667,0.788194487235145,0.761910703957607,0.698602894699351,0.836136812840726
0.92,0.75,0.788194487235145,0.761583618047332,0.700589558292506,0.836136812840726
0.75,0.779166666666667,0.687391837298321,0.790949812803451,0.671686833388869,0.724514540359403
0.61,0.779166666666667,0.687391837298321,0.653366412256828,0.566232331881567,0.610635837887998
0.76,0.779166666666667,0.687391837298321,0.746961424849492,0.661875278834207,0.724514540359403
0.45,0.408,0.687391837298321,0.495181100070137,0.458443949308131,0.488522409793869
0.71,0.779166666666667,0.687391837298321,0.709715497737058,0.641492017354164,0.724514540359403
0.69,0.779166666666667,0.687391837298321,0.691736714368528,0.601087664234001,0.642568012431842
0.45,0.455833333333334,0.687391837298321,0.581525754529123,0.458132389136925,0.488714039034097
0.8,0.779166666666667,0.687391837298321,0.788437551509164,0.703577242348738,0.724514540359403
0.84,0.779166666666667,0.687391837298321,0.793489852967114,0.687967691786332,0.724514540359403
0.76,0.761515151545454,0.709200688690771,0.643753352641722,0.677639229562151,0.736495670239891
0.69,0.761515151545454,0.709200688690771,0.687050474507363,0.66782767500749,0.736495670239891
0.69,0.761515151545454,0.709200688690771,0.701068626571318,0.66966723348692,0.736495670239891
0.76,0.761515151545454,0.709200688690771,0.66927407890893,0.647444413527447,0.736495670239891
0.82,0.761515151545454,0.709200688690771,0.759691828574793,0.70952963852202,0.736495670239891
0.78,0.761515151545454,0.709200688690771,0.704400164056666,0.705291380213039,0.736495670239891
0.77,0.761515151545454,0.709200688690771,0.723022055957381,0.695906751552769,0.736495670239891
0.76,0.827936507952381,0.766446976748078,0.647783494070527,0.700001503355111,0.766694259029516
0.84,0.827936507952381,0.766446976748078,0.731415474771502,0.729244860821524,0.766694259029516
0.75,0.827936507952381,0.766446976748078,0.702188092323266,0.695971297912466,0.766694259029516
0.73,0.827936507952381,0.766446976748078,0.700497813856313,0.69202950727988,0.766694259029516
0.45,0.408,0.766446976748078,0.450458820505609,0.486758619274374,0.531306613538092
0.81,0.827936507952381,0.766446976748078,0.715706675395481,0.737604789706306,0.766694259029516
0.43,0.455833333333334,0.766446976748078,0.467408471352407,0.486447059103167,0.531497751927142
0.91,0.827936507952381,0.766446976748078,0.724420038187733,0.716282361752574,0.766694259029516
0.85,0.827936507952381,0.766446976748078,0.701085830179936,0.670004380448682,0.766694259029516
0.846666667,0.654395833375,0.704538519026421,0.693510392603012,0.673580030331914,0.738982296734442
0.64,0.675555555555556,0.672601444487182,0.558993664861929,0.702010512840078,0.661849420249399
0.69,0.675555555555556,0.672601444487182,0.700932742409291,0.731253870306492,0.661849420249399
0.42,0.476,0.672601444487182,0.409935268982612,0.488767628759341,0.425951587953067
0.56,0.51,0.672601444487182,0.574106494561368,0.631411343685211,0.57993563670078
0.68,0.675555555555556,0.672601444487182,0.647983482992354,0.739613799191273,0.661849420249399
0.69,0.675555555555556,0.672601444487182,0.66227819906576,0.729662663490966,0.661849420249399
0.43,0.453970588235294,0.672601444487182,0.384840463436739,0.474702680744482,0.410454913839897
0.7,0.675555555555556,0.672601444487182,0.662131006604848,0.718291371237541,0.661849420249399
0.67,0.675555555555556,0.672601444487182,0.759928679919222,0.730839035505407,0.661849420249399
0.72,0.708181818181818,0.696578073024213,0.725556902333767,0.67300631075258,0.763342428170387
0.68,0.708181818181818,0.696578073024213,0.837496733583549,0.685688365845925,0.763342428170387
0.77,0.708181818181818,0.696578073024213,0.808944846098172,0.718581593179005,0.763342428170387
0.76,0.708181818181818,0.696578073024213,0.861808085249823,0.709806829493139,0.763342428170387
0.69,0.712307692307692,0.660353311741979,0.577005714972361,0.678424321236082,0.692858472189435
0.63,0.712307692307692,0.660353311741979,0.638777208245469,0.648229505201378,0.692858472189435
0.78,0.712307692307692,0.660353311741979,0.698703849352073,0.6966918432267,0.692858472189435
0.88,0.894615384615384,0.801277426751354,0.64976783275124,0.701379818154449,0.779082775063034
0.67,0.894615384615384,0.801277426751354,0.63750140214005,0.595925316647148,0.665761978552063
0.92,0.894615384615384,0.801277426751354,0.748433681264702,0.730623175620863,0.779082775063034
0.9,0.894615384615384,0.801277426751354,0.709013953001299,0.697349612711805,0.779082775063034
0.89,0.894615384615384,0.801277426751354,0.727200795001746,0.738983104505644,0.779082775063034
0.45,0.455833333333334,0.801277426751354,0.471037637689617,0.487825373902505,0.544437489790492
0.886666667,0.654395833375,0.609451762640689,0.584260927974658,0.660983378294632,0.813366547434393
0.58,0.564920634904762,0.599814594094726,0.660967124585132,0.706926179376113,0.685026320784924
0.62,0.564920634904762,0.599814594094726,0.687648770042115,0.736169536842527,0.685026320784924
0.54,0.564920634904762,0.599814594094726,0.649969643539152,0.697114624821452,0.685026320784924
0.54,0.564920634904762,0.599814594094726,0.584565662147753,0.698954183300882,0.685026320784924
0.61,0.564920634904762,0.599814594094726,0.692668813046105,0.715501478350035,0.685026320784924
0.55,0.564920634904762,0.599814594094726,0.763650460141362,0.711636238394228,0.685026320784924
0.58,0.564920634904762,0.599814594094726,0.656844261041407,0.676731363341409,0.685026320784924
0.68,0.564920634904762,0.599814594094726,0.844766635204591,0.723896513224128,0.685026320784924
0.63,0.564920634904762,0.599814594094726,0.713496739355715,0.744529465727308,0.685026320784924
0.42,0.455833333333334,0.599814594094726,0.374922189971998,0.49337173512417,0.448893009260108
0.59,0.564920634904762,0.599814594094726,0.739661050223485,0.735754702041442,0.685026320784924
0.63,0.655076923076923,0.604056457376063,0.711057125375802,0.715395904686898,0.690491178744404
0.56,0.655076923076923,0.604056457376063,0.633037682199447,0.694727846194406,0.690491178744404
0.59,0.655076923076923,0.604056457376063,0.594284243908814,0.690862606238599,0.690491178744404
0.58,0.655076923076923,0.604056457376063,0.57655546401032,0.655957731185781,0.690491178744404
0.5,0.53,0.604056457376063,0.526824748325572,0.615553378065617,0.608834876892819
0.6,0.655076923076923,0.604056457376063,0.647257883420677,0.713804697871373,0.690491178744404
0.49,0.471025641025641,0.706177573921714,0.480884008886143,0.457662698135157,0.573081677869713
0.81,0.81,0.706177573921714,0.642888054822862,0.675615641234008,0.807399303525685
0.75,0.81,0.706177573921714,0.724291317464254,0.64071076618119,0.807399303525685
0.78,0.81,0.706177573921714,0.697434486785971,0.708508868567088,0.807399303525685
0.69,0.81,0.706177573921714,0.670083693319255,0.640908459309465,0.807399303525685
0.66,0.691666666666667,0.64290989706484,0.636109525523131,0.666055947652215,0.683404112687536
0.68,0.691666666666667,0.64290989706484,0.790117421156908,0.682603242701368,0.683404112687536
0.67,0.706666666666667,0.64290989706484,0.686470137341996,0.643833127692742,0.683404112687536
0.55,0.51,0.64290989706484,0.502538122197552,0.603428774572579,0.600984232447646
0.67,0.691666666666667,0.64290989706484,0.69462533220385,0.644030820821018,0.683404112687536
0.54,0.523333333333333,0.511730626718676,0.536783695589294,0.569842466102931,0.460423088206358
0.5,0.523333333333333,0.511730626718676,0.531041527155256,0.532627112561286,0.460423088206358
0.54,0.523333333333333,0.511730626718676,0.498277909594955,0.545309167654632,0.460423088206358
0.48,0.353333333333333,0.473903105192552,0.651497004875199,0.40994622928844,0.455001649487044
0.48,0.474806666666667,0.473903105192552,0.504527410428114,0.523976029769662,0.455001649487044
0.48,0.474806666666667,0.473903105192552,0.327873085978639,0.532371064643756,0.455001649487044
0.49,0.474806666666667,0.473903105192552,0.418577221230336,0.543052881446629,0.455001649487044
0.49,0.474806666666667,0.473903105192552,0.3793003163732,0.544229253461069,0.455001649487044
0.5,0.523333333333333,0.51306497664021,0.493501018567177,0.514190158821648,0.564398159655521
0.42,0.475,0.51306497664021,0.504710926181654,0.417835685462202,0.448685027612752
0.48,0.471025641025641,0.51306497664021,0.580165863413561,0.304977480183556,0.564398159655521
0.53,0.4875,0.51306497664021,0.53274831291038,0.447621195109425,0.564398159655521
0.6,0.523333333333333,0.51306497664021,0.521062709143886,0.550110773224162,0.564398159655521
0.47,0.453970588235294,0.51306497664021,0.525563469363516,0.290912532168696,0.564398159655521
0.62,0.523333333333333,0.51306497664021,0.534645591629699,0.534501222661756,0.564398159655521
0.57,0.523333333333333,0.51306497664021,0.518621489210389,0.547048886929621,0.564398159655521
0.58,0.498,0.51306497664021,0.490930919784741,0.488223241357864,0.564398159655521
0.61,0.599754761892857,0.653976082835769,0.722669377536026,0.708951425838485,0.53696004671259
0.62,0.599754761892857,0.653976082835769,0.637318473830294,0.671736072296841,0.53696004671259
0.57,0.404,0.653976082835769,0.486421637655188,0.466465184291335,0.299446742594852
0.58,0.599754761892857,0.653976082835769,0.738467866899181,0.684418127390186,0.53696004671259
0.67,0.599754761892857,0.653976082835769,0.662365731983508,0.696678402220087,0.53696004671259
0.63,0.599754761892857,0.653976082835769,0.641147961702465,0.609108899217205,0.454485302481038
0.57,0.453970588235294,0.653976082835769,0.5049704758519,0.452400236276476,0.283843944401984
0.62,0.599754761892857,0.653976082835769,0.69706699035654,0.7085365910374,0.53696004671259
0.67,0.599754761892857,0.653976082835769,0.70500865715798,0.69797559036269,0.53696004671259
0.93,0.93,0.880235913025629,0.79087816285443,0.61031558443175,0.855197397092199
0.93,0.93,0.880235913025629,0.885792309979018,0.745013443405465,0.968746809490325
0.44,0.471025641025641,0.880235913025629,0.734222288858139,0.502527201858315,0.733437070489507
0.94,0.93,0.880235913025629,0.852017658292582,0.685575269904348,0.968746809490325
0.93,0.93,0.880235913025629,0.993093699464267,0.753373372290246,0.968746809490325
0.44,0.455833333333334,0.880235913025629,0.719525697713245,0.502215641687108,0.733628145617287
0.93,0.93,0.880235913025629,0.99159332471407,0.74459860860438,0.968746809490325
0.94,0.93,0.880235913025629,0.890091281529484,0.73403760792967,0.968746809490325
0.58,0.565384615384615,0.592007472194776,0.669006337461416,0.691403230343712,0.631894980192297
0.64,0.565384615384615,0.592007472194776,0.633557337788725,0.679130206725314,0.631894980192297
0.51,0.4875,0.592007472194776,0.392513991342739,0.591560703722432,0.567082064616978
0.63,0.565384615384615,0.592007472194776,0.611034030327456,0.694050281837168,0.631894980192297
0.51,0.453970588235294,0.592007472194776,0.280113363940943,0.434852040781702,0.432983268217142
0.55,0.498,0.592007472194776,0.571260413148504,0.632162749970871,0.631894980192297
0.4962,0.45662,0.592007472194776,0.510737679017497,0.622383389425841,0.631894980192297
0.79,0.752222222222222,0.728303706622062,0.689062029705562,0.655145147557345,0.71599976297244
0.67,0.752222222222222,0.728303706622062,0.593300543285456,0.549690646050043,0.601310454007216
0.75,0.752222222222222,0.728303706622062,0.566562253738557,0.554760468755254,0.600286630929671
0.6,0.471025641025641,0.728303706622062,0.524700846419112,0.441902263476608,0.478327803348665
0.79,0.752222222222222,0.728303706622062,0.507419012071425,0.663720446531266,0.71599976297244
0.74,0.752222222222222,0.728303706622062,0.605583863941478,0.624950331522641,0.71599976297244
0.65,0.752222222222222,0.728303706622062,0.54295126510208,0.584545978402477,0.633469926785807
0.79,0.752222222222222,0.728303706622062,0.734575568858565,0.692748433908539,0.71599976297244
0.78,0.752222222222222,0.728303706622062,0.676732718388147,0.687035556517214,0.71599976297244
0.6,0.453970588235294,0.728303706622062,0.587886832762827,0.427837315461748,0.462714582708716
0.78,0.752222222222222,0.728303706622062,0.679469710118488,0.671426005954808,0.71599976297244
0.76,0.752222222222222,0.728303706622062,0.626660182482192,0.673412669547963,0.71599976297244
0.6034,0.752222222222222,0.728303706622062,0.758392703823026,0.615368664105887,0.71599976297244
0.4,0.381695238071428,0.3799188337216,0.659642242470409,0.672541833330068,0.502287843555943
0.38,0.381695238071428,0.3799188337216,0.668215894420549,0.685223888423413,0.502287843555943
0.41,0.381695238071428,0.3799188337216,0.625257470246889,0.650319013370595,0.502287843555943
0.35,0.381695238071428,0.3799188337216,0.567519663560669,0.609914660250432,0.420438910228934
0.42,0.381695238071428,0.3799188337216,0.760181731458542,0.718117115756494,0.502287843555943
0.37,0.381695238071428,0.3799188337216,0.703197786487825,0.709342352070627,0.502287843555943
0.57,0.582142857142857,0.543465266880174,0.581533368977574,0.645105266106781,0.625805572790622
0.55,0.582142857142857,0.543465266880174,0.606119875871778,0.641075060664137,0.625805572790622
0.58,0.582142857142857,0.543465266880174,0.614344188823917,0.63713327003155,0.625805572790622
0.61,0.582142857142857,0.543465266880174,0.662836328114118,0.614910450072077,0.625805572790622
0.59,0.582142857142857,0.543465266880174,0.664044385599256,0.661386124504244,0.625805572790622
0.55,0.555833333333333,0.537861439958509,0.551366708065071,0.592237118734878,0.596443895769121
0.54,0.555833333333333,0.537861439958509,0.543097001795772,0.55896355582582,0.596443895769121
0.47,0.404,0.537861439958509,0.546921983191791,0.349750877187728,0.596443895769121
0.51,0.555833333333333,0.537861439958509,0.551153480545774,0.571569060242386,0.596443895769121
0.5,0.4875,0.537861439958509,0.545461242341344,0.492394592113597,0.596443895769121
0.48,0.453970588235294,0.537861439958509,0.537470806399586,0.335685929172868,0.596443895769121
0.517077667,0.45662,0.537861439958509,0.553700418169997,0.523217277817007,0.596443895769121
0.52,0.519285714285714,0.498811082186667,0.513293260741497,0.574953992451627,0.463787896923619
0.46,0.519285714285714,0.498811082186667,0.475449586419913,0.484380868204198,0.348074764880851
0.55,0.519285714285714,0.498811082186667,0.570531264142962,0.622368833357483,0.463787896923619
0.54,0.519285714285714,0.498811082186667,0.572861246679326,0.601046405403752,0.463787896923619
0.55,0.43,0.573577186139551,0.585576351722215,0.541693587903781,0.484039398811072
0.58,0.591941025641026,0.573577186139551,0.549965018169905,0.639176093335851,0.591373824725848
0.53,0.591941025641026,0.573577186139551,0.518726574320398,0.651858148429197,0.591373824725848
0.58,0.475,0.573577186139551,0.661898036530628,0.616953273376379,0.591373824725848
0.6,0.591941025641026,0.573577186139551,0.624453632858525,0.6654156114017,0.591373824725848
0.51,0.519285714285714,0.516202065201243,0.506023404390694,0.511576276027682,0.561530489959412
0.51,0.519285714285714,0.516202065201243,0.541154419512488,0.505794926915665,0.561530489959412
0.5,0.455833333333334,0.516202065201243,0.586118753316415,0.302052037218382,0.561530489959412
0.52,0.519285714285714,0.516202065201243,0.535994965071776,0.533874003460944,0.561530489959412
0.47,0.519285714285714,0.516202065201243,0.496766516456229,0.485609358563897,0.561530489959412
0.88,0.862,0.756003320710052,0.757532773103425,0.729720278258574,0.766935048051668
0.86,0.862,0.756003320710052,0.705119300702119,0.696446715349516,0.766935048051668
0.86,0.862,0.756003320710052,0.692361881741453,0.690665366237499,0.766935048051668
0.48,0.471025641025641,0.756003320710052,0.466261048060998,0.487234036711423,0.530710950961913
0.9,0.862,0.756003320710052,0.752742977754567,0.732367329752029,0.766935048051668
0.45,0.453970588235294,0.756003320710052,0.434230191366053,0.473169088696564,0.515192843759982
0.9,0.862,0.756003320710052,0.752691191544843,0.716757779189623,0.766935048051668
0.8,0.862,0.756003320710052,0.693338550534958,0.670479797885732,0.766935048051668
0.776533333,0.862,0.756003320710052,0.655257526877555,0.660700437340702,0.766935048051668
0.66,0.675,0.607855740327109,0.575035181860081,0.710947018080285,0.583967801809057
0.65,0.675,0.607855740327109,0.509763625389981,0.673731664538641,0.583967801809057
0.59,0.675,0.607855740327109,0.524737635488661,0.581318981811781,0.468254669766289
0.57,0.675,0.607855740327109,0.583557739078232,0.690278959587793,0.583967801809057
0.64,0.675,0.607855740327109,0.625343773719873,0.686413719631986,0.583967801809057
0.69,0.675,0.607855740327109,0.613431949751098,0.698673994461887,0.583967801809057
0.51,0.455833333333334,0.607855740327109,0.409690822514652,0.468149216361928,0.388494612899347
0.67,0.675,0.607855740327109,0.567374659201874,0.713594069573741,0.583967801809057
0.7,0.675,0.607855740327109,0.599186845633758,0.7105321832792,0.583967801809057
0.69,0.675,0.607855740327109,0.572937657731607,0.69997118260449,0.583967801809057
0.64,0.675,0.607855740327109,0.549148094743473,0.651706537707443,0.583967801809057
0.59,0.605641025615385,0.572453410109438,0.568874698075281,0.613344024583433,0.645545432385378
0.43,0.471025641025641,0.572453410109438,0.687457100935131,0.409912695057357,0.410618286227398
0.6,0.605641025615385,0.572453410109438,0.626671071101271,0.627865638156208,0.645545432385378
0.63,0.605641025615385,0.572453410109438,0.625519622378722,0.660758865489289,0.645545432385378
0.62,0.605641025615385,0.572453410109438,0.595241716922711,0.650807729788982,0.645545432385378
0.65,0.605641025615385,0.572453410109438,0.55554927907863,0.641423101128712,0.645545432385378
0.7,0.727075193790698,0.654057062265284,0.669945395046072,0.688384612806694,0.688224784665551
0.63,0.586363636363636,0.654057062265284,0.521018236559599,0.597811488559265,0.572511652622782
0.76,0.727075193790698,0.654057062265284,0.678534101946757,0.706771466335277,0.688224784665551
0.5,0.455833333333334,0.654057062265284,0.452818798783627,0.484641723109412,0.451741965077418
0.75,0.727075193790698,0.654057062265284,0.722065304028132,0.730086576321225,0.688224784665551
0.76,0.79,0.654057062265284,0.713914699846905,0.727024690026684,0.688224784665551
0.61,0.727075193790698,0.654057062265284,0.624803227127204,0.668199044454927,0.688224784665551
0.664066667,0.727075193790698,0.654057062265284,0.607414988768379,0.658419683909897,0.688224784665551
0.7,0.675,0.648093705248215,0.626164109439432,0.563276017066362,0.49253364154887
0.68,0.675,0.648093705248215,0.656398641171449,0.697973876040077,0.591847356149842
0.72,0.675,0.648093705248215,0.624881446938092,0.664700313131019,0.591847356149842
0.58,0.675,0.648093705248215,0.651150864884437,0.677305817547585,0.591847356149842
0.72,0.675,0.648093705248215,0.677201616891433,0.685011376971127,0.591847356149842
0.67,0.675,0.648093705248215,0.68441957421499,0.697559041238992,0.591847356149842
0.35,0.393636363636364,0.476803769960929,0.519956418980089,0.673828658869175,0.581160171238883
0.33,0.393636363636364,0.476803769960929,0.501984903859717,0.573443980067084,0.465447039196114
0.45,0.471025641025641,0.476803769960929,0.435191055564893,0.460585774788438,0.37647272878533
0.33,0.393636363636364,0.476803769960929,0.539998808996685,0.682403957843096,0.581160171238883
0.35,0.393636363636364,0.476803769960929,0.539718675410697,0.678538717887289,0.581160171238883
0.41,0.393636363636364,0.476803769960929,0.565830725214563,0.603229489714307,0.510083965522849
0.39,0.393636363636364,0.476803769960929,0.600966968396924,0.705719067829044,0.581160171238883
0.45,0.453970588235294,0.476803769960929,0.455402822676488,0.446520826773578,0.363026337354415
0.4,0.393636363636364,0.476803769960929,0.608937944927404,0.702657181534503,0.581160171238883
0.4,0.393636363636364,0.476803769960929,0.53555399047823,0.643831535962746,0.581160171238883
0.5865,0.393636363636364,0.476803769960929,0.517574160855281,0.634052175417717,0.581160171238883
0.6,0.607272727272727,0.551774300987227,0.563227701119547,0.59206050180084,0.443488652492954
0.58,0.607272727272727,0.551774300987227,0.610106828160679,0.693484797865497,0.542638105195726
0.6,0.607272727272727,0.551774300987227,0.611690135593679,0.68770344875348,0.542638105195726
0.6,0.607272727272727,0.551774300987227,0.584518959256226,0.68954300723291,0.542638105195726
0.51,0.607272727272727,0.551774300987227,0.58103436223777,0.597130324506051,0.426924973152958
0.54,0.607272727272727,0.551774300987227,0.619180333294988,0.702225062326255,0.542638105195726
0.64,0.607272727272727,0.551774300987227,0.623645610841438,0.714485337156156,0.542638105195726
0.54,0.607272727272727,0.551774300987227,0.584251357777882,0.667517880401712,0.542638105195726
0.7,0.6259083333125,0.617379149092814,0.65380154681436,0.612740374678216,0.679362504990495
0.67,0.6259083333125,0.617379149092814,0.66318681809526,0.67482559967279,0.679362504990495
0.62,0.34,0.617379149092814,0.450413010426704,0.415627358617324,0.492949744895808
0.67,0.6259083333125,0.617379149092814,0.688896580662248,0.659216049110384,0.679362504990495
0.67,0.6259083333125,0.617379149092814,0.66575777705814,0.671763713378249,0.679362504990495
0.88,0.906,0.838444779362035,0.803008960589756,0.806792221308308,0.808465033003938
0.93,0.906,0.838444779362035,0.837986782032576,0.831045075781002,0.808465033003938
0.93,0.906,0.838444779362035,0.829199170115814,0.833031739374157,0.808465033003938
0.73,0.906,0.838444779362035,0.814458448565236,0.78476709447711,0.808465033003938
0.71,0.718137254941176,0.650472285210688,0.588897279246703,0.677754289088557,0.681214015315471
0.71,0.718137254941176,0.650472285210688,0.647302862593746,0.673724083645913,0.681214015315471
0.52,0.404,0.650472285210688,0.476041907502116,0.46451140500782,0.444227894720016
0.74,0.718137254941176,0.650472285210688,0.704929735987722,0.709644698048426,0.681214015315471
0.73,0.718137254941176,0.650472285210688,0.677822907466565,0.696021811079175,0.681214015315471
0.61,0.665,0.595831011009011,0.6340939133617,0.737445039552307,0.633589340115959
0.47,0.665,0.595831011009011,0.5322030525985,0.631990538045005,0.522028217185356
0.62,0.665,0.595831011009011,0.633443415927498,0.733414834109662,0.633589340115959
0.64,0.665,0.595831011009011,0.611673538025211,0.727633484997645,0.633589340115959
0.39,0.471025641025641,0.595831011009011,0.254337145965969,0.52420215547157,0.402399955996595
0.67,0.665,0.595831011009011,0.676162800011466,0.742155098570421,0.633589340115959
0.51,0.665,0.595831011009011,0.640192890021728,0.707250223517602,0.633589340115959
0.47,0.665,0.595831011009011,0.514432108454797,0.666845870397439,0.553310530492549
0.66,0.665,0.595831011009011,0.681642480967945,0.765097190203195,0.633589340115959
0.71,0.665,0.595831011009011,0.592801239043001,0.75372589794977,0.633589340115959
0.7,0.665,0.595831011009011,0.692490941623098,0.766273562217635,0.633589340115959
0.632466667,0.665,0.595831011009011,0.646128134653597,0.697668556100848,0.633589340115959
0.61,0.591941025641026,0.489791458797469,0.570089811041244,0.713217713847606,0.575954624767965
0.42,0.591941025641026,0.489791458797469,0.469995711491209,0.620805031120747,0.460241492725197
0.33,0.591941025641026,0.489791458797469,0.422334112212021,0.65059054076797,0.500878435660878
0.63,0.591941025641026,0.489791458797469,0.612296393603237,0.753080118882707,0.575954624767965
0.26,0.58,0.489791458797469,0.352237732346329,0.493881877827241,0.345544787912113
0.46,0.475111111133333,0.479319503832414,0.590882748749705,0.685551167993223,0.522295582063568
0.48,0.475111111133333,0.479319503832414,0.619347988675638,0.677579171917992,0.522295582063568
0.37,0.475111111133333,0.479319503832414,0.447305749286901,0.585166489191132,0.4065824500208
0.44,0.475111111133333,0.479319503832414,0.56251325942239,0.702521501841238,0.522295582063568
0.49,0.475111111133333,0.479319503832414,0.665918556376188,0.723154454344418,0.522295582063568
0.43,0.453970588235294,0.479319503832414,0.370013006654927,0.458243335897626,0.272449106492443
0.76,0.727692307692308,0.682361402157863,0.695236063289188,0.681216638832465,0.672552857645369
0.48,0.727692307692308,0.682361402157863,0.674649590660725,0.590643514585036,0.5568397256026
0.45,0.404,0.682361402157863,0.664476586570227,0.477785309306389,0.672552857645369
0.81,0.727692307692308,0.682361402157863,0.674983462731596,0.69573825240524,0.672552857645369
0.8,0.727692307692308,0.682361402157863,0.696626995849193,0.718680344038014,0.672552857645369
0.741766667,0.62,0.818184213997853,1.12269998672655,0.74357160576633,0.910707709325148
0.69,0.665486666666667,0.64650622829679,0.778910614881389,0.685419710111771,0.677831859290684
0.51,0.453970588235294,0.64650622829679,0.492522556528616,0.430459727365287,0.532739038159657
0.69,0.665486666666667,0.64650622829679,0.651429600756449,0.686596082126211,0.677831859290684
0.69,0.665486666666667,0.64650622829679,0.662278551773669,0.676035081451501,0.677831859290684
0.6,0.564920634904762,0.559414372901487,0.758836891116535,0.748241267996537,0.60036365074211
0.53,0.564920634904762,0.559414372901487,0.768282847365919,0.727573209504045,0.60036365074211
0.6,0.564920634904762,0.559414372901487,0.812709343036003,0.735968244378138,0.60036365074211
0.63,0.564920634904762,0.559414372901487,0.836285474308299,0.756601196881318,0.60036365074211
0.64,0.564920634904762,0.559414372901487,0.7627989881204,0.750888319489993,0.60036365074211
0.52,0.453970588235294,0.559414372901487,0.465527298548579,0.491690078434527,0.348353743659514
0.61,0.564920634904762,0.559414372901487,0.738898956033683,0.735278768927587,0.60036365074211
0.43,0.400833333333333,0.387539856717265,0.502309338641711,0.673647298094788,0.430352498771948
0.42,0.400833333333333,0.387539856717265,0.614989463832391,0.702890655561201,0.430352498771948
0.43,0.400833333333333,0.387539856717265,0.550106811013074,0.669617092652144,0.430352498771948
0.45,0.400833333333333,0.387539856717265,0.452597254526048,0.573262619292698,0.31463936672918
0.37,0.400833333333333,0.387539856717265,0.582701445337687,0.682222597068709,0.430352498771948
0.43,0.400833333333333,0.387539856717265,0.520830132080442,0.603048128939921,0.356384702416356
0.24,0.455833333333334,0.387539856717265,0.385908031687588,0.460092853842844,0.217510735933687
0.35,0.400833333333333,0.387539856717265,0.609597965382642,0.64365017518836,0.430352498771948
0.4896,0.779166666666667,0.694451167805681,0.601877424685851,0.646481356877664,0.544063431343661
0.75,0.769285714285714,0.677804133522607,0.746014747271183,0.676154143452773,0.686691568767965
0.66,0.769285714285714,0.677804133522607,0.672571639426465,0.585581019205344,0.570978436725197
0.81,0.769285714285714,0.677804133522607,0.778848684178556,0.702936031855449,0.686691568767965
0.78,0.769285714285714,0.677804133522607,0.821031531835501,0.717856106967303,0.686691568767965
27.27,0.769285714285714,0.677731938787207,0.68441152382399,0.659844393920792,0.669211867613374
0.61,0.641739130434783,0.649343833417591,0.616773026912857,0.708537258871479,0.746400643729696
0.58,0.641739130434783,0.649343833417591,0.60314231846807,0.603082757364177,0.631966380569515
0.59,0.641739130434783,0.649343833417591,0.650163152709387,0.704507053428834,0.746400643729696
0.46,0.641739130434783,0.649343833417591,0.622769616328884,0.608152580069388,0.630687511686928
0.64,0.641739130434783,0.649343833417591,0.670959660389881,0.678342442836775,0.746400643729696
0.62,0.641739130434783,0.649343833417591,0.681471858842481,0.725507592719493,0.746400643729696
0.65,0.641739130434783,0.649343833417591,0.665661566367489,0.736189409522367,0.746400643729696
0.75,0.641739130434783,0.649343833417591,0.70186145509436,0.724818117268942,0.746400643729696
0.75,0.641739130434783,0.649343833417591,0.720099447644972,0.737365781536807,0.746400643729696
0.73,0.641739130434783,0.649343833417591,0.693021219785515,0.726804780862096,0.746400643729696
0.63,0.641739130434783,0.649343833417591,0.629619141909601,0.67854013596505,0.746400643729696
0.5,0.541538461538462,0.510750642259353,0.521569220890254,0.5623197889151,0.416616987928341
0.49,0.541538461538462,0.510750642259353,0.543995203625392,0.65796273586774,0.531135944586925
0.5,0.541538461538462,0.510750642259353,0.536961815711543,0.65980229434717,0.531135944586925
0.41,0.541538461538462,0.510750642259353,0.394164331154015,0.567389611620311,0.415422812544157
0.54,0.541538461538462,0.510750642259353,0.56115015274793,0.676349589396323,0.531135944586925
0.54,0.541538461538462,0.510750642259353,0.563257785432738,0.637777167515973,0.531135944586925
0.99,0.90776,0.686065867522255,0.668946291583712,0.72992564853197,0.691858174279383
0.99,0.90776,0.686065867522255,0.665529394483454,0.690870736510895,0.691858174279383
0.97,0.90776,0.686065867522255,0.666955597863115,0.692710294990325,0.691858174279383
0.69,0.736666666666667,0.686065867522255,0.60240820102909,0.600297612263466,0.576145042236615
0.49,0.471025641025641,0.686065867522255,0.517486559863683,0.48743940698482,0.454714748978685
0.97,0.90776,0.686065867522255,0.640065984411762,0.709257590039478,0.691858174279383
0.59,0.90776,0.686065867522255,0.645060870472732,0.670487475030853,0.691858174279383
0.75,0.90776,0.686065867522255,0.642507433427368,0.630083121910689,0.609511867740807
0.49,0.455833333333334,0.686065867522255,0.493993420691683,0.487127846813613,0.454907313087948
0.93,0.90776,0.686065867522255,0.678067998826253,0.732572700025426,0.691858174279383
1,0.90776,0.686065867522255,0.668177594635023,0.728334441716445,0.691858174279383
0.49,0.453970588235294,0.686065867522255,0.496923558923256,0.47337445896996,0.439136248980647
0.57,0.90776,0.686065867522255,0.713869594289875,0.71696314946302,0.691858174279383
0.47,0.472173913043478,0.549500400587632,0.577645397977156,0.592304108456391,0.52969729625162
0.69,0.472173913043478,0.549500400587632,0.650649958150567,0.727001967430105,0.644211437971288
0.69,0.472173913043478,0.549500400587632,0.625272463395756,0.706333908937613,0.644211437971288
0.48,0.472173913043478,0.549500400587632,0.640908906320606,0.714728943811707,0.644211437971288
0.47,0.472173913043478,0.549500400587632,0.608962620946173,0.627159440808825,0.561807651232607
0.63,0.472173913043478,0.549500400587632,0.722459390124645,0.735361896314887,0.644211437971288
0.5,0.472173913043478,0.549500400587632,0.672548018869973,0.714039468361155,0.644211437971288
0.69,0.7083333333125,0.665306409277102,0.762135716472713,0.655268090649169,0.726172257464489
0.76,0.7083333333125,0.665306409277102,0.816335680661582,0.723066193035068,0.726172257464489
0.72,0.7083333333125,0.665306409277102,0.720884173721714,0.717353315643743,0.726172257464489
0.5,0.453970588235294,0.665306409277102,0.574360943556783,0.458155074588277,0.472956046822709
0.72,0.7083333333125,0.665306409277102,0.752656615659042,0.714291429349202,0.726172257464489
0.95,0.90776,0.805038493946787,0.834410144550692,0.732138407918844,0.851838937515764
0.79,0.653333333333333,0.805038493946787,0.737569255235864,0.626683906411542,0.737157598161802
0.96,0.90776,0.805038493946787,0.783882511144969,0.761381765385257,0.851838937515764
0.9,0.90776,0.805038493946787,0.749213693524337,0.722326853364182,0.851838937515764
0.83,0.90776,0.805038493946787,0.746721415153095,0.701943591884139,0.851838937515764
0.84,0.90776,0.805038493946787,0.718307574076939,0.661539238763976,0.769314836220359
0.97,0.90776,0.805038493946787,0.788138205252267,0.759790558569732,0.851838937515764
0.48,0.453970588235294,0.805038493946787,0.64393754632278,0.504830575823247,0.598571357710559
0.67,0.716666666666667,0.805038493946787,0.734735873540262,0.702141285012415,0.851838937515764
0.75,0.7328422222,0.685217134780912,0.670761912591624,0.751728852807115,0.720323995247512
0.68,0.7328422222,0.685217134780912,0.621218204843434,0.661155728559686,0.604610863204744
0.75,0.7328422222,0.685217134780912,0.830343283007689,0.770115706335697,0.720323995247512
0.75,0.7328422222,0.685217134780912,0.725739059051919,0.778510741209791,0.720323995247512
0.42,0.453970588235294,0.685217134780912,0.426702479788248,0.53423257526618,0.467817762560603
0.74,0.7328422222,0.685217134780912,0.771552013265803,0.779807929352394,0.720323995247512
0.85,0.869130434782609,0.759640560932342,0.876882974122868,0.694490294336228,0.850961524065594
0.85,0.869130434782609,0.759640560932342,0.869146968533984,0.690548503703641,0.850961524065594
0.82,0.869130434782609,0.759640560932342,0.76411196318084,0.707095798752794,0.850961524065594
0.88,0.869130434782609,0.759640560932342,0.857705818592445,0.703230558796987,0.850961524065594
0.71,0.869130434782609,0.759640560932342,0.67596400756763,0.668325683744168,0.850961524065594
0.43,0.455833333333334,0.759640560932342,0.523789061141947,0.484966055526929,0.613482355101775
0.43,0.453970588235294,0.759640560932342,0.502020174641772,0.471212667683276,0.59767612768802
0.8,0.68,0.821481158770467,0.782338248513472,0.59728289806488,0.717721768325119
0.89,0.871904761904762,0.821481158770467,0.821342070407994,0.731980757038595,0.824164717339028
0.76,0.705,0.821481158770467,0.743222821473671,0.602352720770091,0.70845158529626
0.88,0.871904761904762,0.821481158770467,0.831595898068626,0.707447458590296,0.824164717339028
0.87,0.871904761904762,0.821481158770467,0.862346230211522,0.734627808532051,0.824164717339028
0.87,0.871904761904762,0.821481158770467,0.83132649044829,0.721004921562799,0.824164717339028
0.68,0.871904761904762,0.821481158770467,0.783194023206055,0.672740276665753,0.824164717339028
0.767233333,0.665486666666667,0.636566863806524,0.605833627188461,0.573961690698302,0.794380528398945
0.91,0.869130434782609,0.792692429693631,0.857110814324325,0.739211975649885,0.841361163319437
0.86,0.869130434782609,0.792692429693631,0.760517806139799,0.729400421095223,0.841361163319437
0.54,0.586363636363636,0.792692429693631,0.657096642109993,0.638827296847794,0.725648031276668
0.93,0.869130434782609,0.792692429693631,0.815977509729368,0.743922034667999,0.841361163319437
0.52,0.51,0.792692429693631,0.672815175456542,0.668612806495017,0.759117585929189
0.43,0.455833333333334,0.792692429693631,0.522651258121929,0.525657531397941,0.604705904459047
0.88,0.869130434782609,0.792692429693631,0.87381329353157,0.768040498315213,0.841361163319437
0.433466667,0.727692307692308,0.213916668058548,1.0015282011324,0.680245665417356,0.783623150926564
0.5,0.353333333333333,0.505301974746674,0.516614894195834,0.555304918116093,0.434312768600093
0.58,0.523333333333333,0.505301974746674,0.595090726360165,0.650947865068733,0.508198979867491
0.58,0.455833333333334,0.505301974746674,0.452704729486254,0.447204975371451,0.355208075688066
0.55,0.523333333333333,0.505301974746674,0.542002963886619,0.688411570274283,0.508198979867491
0.58,0.453970588235294,0.505301974746674,0.438231907899815,0.433451587527798,0.345025249824866
0.5052,0.328190476214286,0.681102576315465,0.735269379722672,0.63228150529702,0.589759219933182
0.57,0.61,0.591660593958284,0.48090074926016,0.564032528802291,0.559625834151305
0.63,0.608181818181818,0.591660593958284,0.675912542812758,0.698730387776005,0.674251631700418
0.57,0.61,0.591660593958284,0.436514549042818,0.598887861154725,0.591767498001793
0.63,0.608181818181818,0.591660593958284,0.636867331564817,0.707090316660787,0.674251631700418
0.51,0.455833333333334,0.591660593958284,0.44704576060015,0.455932586057648,0.436904173920233
0.65,0.608181818181818,0.591660593958284,0.727805751391588,0.685767888707055,0.674251631700418
0.66,0.608181818181818,0.591660593958284,0.688656214275556,0.68775455230021,0.674251631700418
0.62,0.608181818181818,0.591660593958284,0.61627345625878,0.639489907403164,0.674251631700418
0.67,0.676,0.663700716102798,0.660152450243411,0.699761208918176,0.60912800685522
0.49,0.676,0.663700716102798,0.661222855485456,0.689949654363515,0.60912800685522
0.6,0.676,0.663700716102798,0.657261586520389,0.691789212842945,0.60912800685522
0.55,0.471025641025641,0.663700716102798,0.434619274508657,0.486518324837439,0.371548850339462
0.7,0.676,0.663700716102798,0.678065192618393,0.70447126793629,0.60912800685522
0.62,0.676,0.663700716102798,0.742207551607799,0.731651617878045,0.60912800685522
0.55,0.453970588235294,0.663700716102798,0.41755154538133,0.47245337682258,0.355941726150285
0.67,0.676,0.663700716102798,0.762277172396866,0.718028730908794,0.60912800685522
0.600533333,0.45662,0.626983536639974,0.626198006843349,0.621828098919543,0.595386047227876
0.62,0.651842105263158,0.608732696619121,0.57479758327517,0.666821605698858,0.606925627287119
0.66,0.695,0.608732696619121,0.634972091206934,0.695849593076131,0.606925627287119
0.38,0.455833333333334,0.608732696619121,0.447720723468912,0.444691862472993,0.374988267077107
0.65,0.651842105263158,0.608732696619121,0.669845472693277,0.690136715684806,0.606925627287119
0.63,0.651842105263158,0.608732696619121,0.677225833583167,0.685898457375825,0.606925627287119
0.903333333,0.847766666666667,0.761066689986754,0.690056517716859,0.67099434414861,0.604146668433573
0.58,0.61375,0.64738345452237,0.627494576146028,0.705417566650067,0.686517914196887
0.54,0.471025641025641,0.64738345452237,0.392789343006227,0.500146678644561,0.457400146360598
0.59,0.61375,0.64738345452237,0.687877676657206,0.683194746690594,0.686517914196887
0.54,0.453970588235294,0.64738345452237,0.467201678674161,0.486081730629702,0.442348870360589
0.6,0.586,0.592816511425998,0.61971327313929,0.689792715646025,0.709265567401794
0.58,0.586,0.592816511425998,0.542421841271963,0.593438242286579,0.593552435359026
0.56,0.586,0.592816511425998,0.512846408695338,0.710793254936684,0.709265567401794
0.6,0.688,0.592816511425998,0.451443772575132,0.480268476836726,0.47126578363452
0.59,0.586,0.592816511425998,0.546495217411132,0.712090443079287,0.709265567401794
0.91,0.871904761904762,0.722834733026078,0.766060176142549,0.68861918155646,0.786336376701118
0.43,0.35,0.722834733026078,0.538121329696212,0.466489438330595,0.587175772631969
0.87,0.871904761904762,0.722834733026078,0.804489003435452,0.711934291542408,0.786336376701118
0.52,0.556666666666667,0.677646898797692,0.55106326085808,0.584689061683047,0.579677535465108
0.79,0.776818181818182,0.677646898797692,0.754304878504215,0.719386920656761,0.693595082535002
0.5,0.586363636363636,0.677646898797692,0.573134360520507,0.589758884388258,0.577881950492233
0.43,0.476,0.677646898797692,0.449442682764039,0.476900679109611,0.457522453866141
0.67,0.706666666666667,0.677646898797692,0.726702082243187,0.659948747155644,0.693595082535002
0.78,0.776818181818182,0.677646898797692,0.739991647034317,0.706424421587811,0.693595082535002
0.6564,0.57,0.570958234326822,0.617911347498676,0.644512660961648,0.677691247852031
0.73,0.93,0.779738603985464,0.479402086129221,0.592788114124687,0.764924740507875
0.9,0.93,0.779738603985464,0.559421436541382,0.688431061077327,0.877574839082511
0.94,0.93,0.779738603985464,0.553153760175699,0.690270619556757,0.877574839082511
0.84,0.93,0.779738603985464,0.554628947973441,0.627643446477121,0.796512408192883
0.93,0.93,0.779738603985464,0.574327504221873,0.730133024591857,0.877574839082511
0.94,0.93,0.779738603985464,0.59146673527269,0.727071138297317,0.877574839082511
0.923866667,0.551666667,0.79918916774146,0.5905686569446,0.661157208350554,0.88184391661186
0.82,0.815833333333333,0.813603029004547,0.804937161341661,0.698241392828348,0.828375046852816
0.76,0.815833333333333,0.813603029004547,0.806379991751666,0.694299602195761,0.828375046852816
0.72,0.803333333333333,0.813603029004547,0.749098692177408,0.601886919468902,0.712661914810047
0.73,0.815833333333333,0.813603029004547,0.759815482313806,0.710846897244913,0.828375046852816
0.82,0.815833333333333,0.813603029004547,0.656939055215289,0.719241932119007,0.828375046852816
0.73,0.453970588235294,0.813603029004547,0.647460022909063,0.474963766175396,0.578383064390085
0.83,0.815833333333333,0.813603029004547,0.793258234970085,0.73110012093632,0.828375046852816
0.73,0.815833333333333,0.813603029004547,0.74937753086289,0.672274475364564,0.828375046852816
0.67,0.698,0.693547786235953,0.647618206105969,0.788064264765198,0.75567053485251
0.62,0.698,0.693547786235953,0.608065157288453,0.695651582038339,0.639957402809741
0.42,0.543333333333333,0.693547786235953,0.494018531410923,0.582793376759693,0.548330796757553
0.72,0.698,0.693547786235953,0.768128963168434,0.800746319858544,0.75567053485251
0.72,0.698,0.693547786235953,0.809700510462846,0.813006594688444,0.75567053485251
0.669566667,0.8047,0.667922036927657,0.650587761624554,0.623741597910859,0.694085812410288
0.79,0.776818181818182,0.665224888169492,0.70998499474595,0.670647952212695,0.762592929233622
0.79,0.776818181818182,0.665224888169492,0.757775337843008,0.66661774677005,0.762592929233622
0.48,0.471025641025641,0.665224888169492,0.464233184217227,0.457405068131958,0.525121743978317
0.79,0.776818181818182,0.665224888169492,0.565647716277294,0.68761828606071,0.762592929233622
0.59,0.51,0.665224888169492,0.569263717795028,0.600048783057827,0.680132810466607
0.8,0.776818181818182,0.665224888169492,0.764687873663501,0.686928810610158,0.762592929233622
0.728066667,0.608181818181818,0.652396399630533,0.666355930080928,0.619278537384812,0.752762058697772
0.32,0.328190476214286,0.372335452344458,0.57389920096011,0.659840110496121,0.540009593642091
0.34,0.328190476214286,0.372335452344458,0.56402551678831,0.65186811442089,0.540009593642091
0.31,0.328190476214286,0.372335452344458,0.616486997693019,0.697443396847315,0.540009593642091
0.28,0.328190476214286,0.372335452344458,0.642901758189272,0.69173051945599,0.540009593642091
0.3,0.328190476214286,0.372335452344458,0.657523088989421,0.687492261147009,0.540009593642091
0.34,0.328190476214286,0.372335452344458,0.681982205061919,0.676120968893584,0.540009593642091
0.564633333,0.847766666666667,0.766933903293519,0.648979189581112,0.664810178011342,0.687414598848973
0.43,0.471025641025641,0.695621563299553,0.482563675203407,0.492650375007444,0.51037344464302
0.82,0.8047,0.695621563299553,0.826603726192119,0.714468558062102,0.748018206081843
0.82,0.8047,0.695621563299553,0.825456297955109,0.722863592936196,0.748018206081843
0.84,0.8047,0.695621563299553,0.812018439022679,0.722174117485644,0.748018206081843
0.33,0.472173913043478,0.463935816522124,0.498301602388436,0.615836377160313,0.355170143699609
0.19,0.408,0.463935816522124,0.376255789080699,0.502978171881666,0.233931371996564
0.48,0.472173913043478,0.463935816522124,0.49560135378119,0.748111464922272,0.470883275742377
0.19,0.472173913043478,0.463935816522124,0.464509547664594,0.686223933055975,0.470883275742377
0.642566667,0.447889743615385,0.421789827345993,0.518703691128708,0.500992373786976,-0.130160600034543
0.5,0.447889743615385,0.417097611803072,0.38110263280938,0.533552549678659,0.406785361615869
0.44,0.447889743615385,0.417097611803072,0.34423558891561,0.527771200566642,0.406785361615869
0.43,0.447889743615385,0.417097611803072,0.376834369595959,0.554553088969318,0.406785361615869
0.48,0.447889743615385,0.417097611803072,0.423211283490266,0.569473164081173,0.406785361615869
0.47,0.447889743615385,0.417097611803072,0.589146963022866,0.553863613518767,0.406785361615869
0.5,0.447889743615385,0.417097611803072,0.382100328334367,0.566411277786632,0.406785361615869
0.47,0.447889743615385,0.417097611803072,0.428523282738171,0.555850277111921,0.406785361615869
0.5,0.522307692307692,0.538275728037441,0.668311502776853,0.686405340559413,0.658154324624212
0.52,0.543333333333333,0.538275728037441,0.452791432891131,0.482974011033338,0.453726892419262
0.55,0.522307692307692,0.538275728037441,0.622309183844569,0.713187228962089,0.658154324624212
0.54,0.522307692307692,0.538275728037441,0.676307000791014,0.733820181465269,0.658154324624212
0.53,0.522307692307692,0.538275728037441,0.690603510144705,0.728107304073944,0.658154324624212
0.54,0.522307692307692,0.538275728037441,0.636471665003132,0.714484417104692,0.658154324624212
0.58,0.43,0.565026099441504,0.604949102485133,0.416482850512676,0.56993762215225
0.5,0.591941025641026,0.565026099441504,0.518470280124438,0.421552673217887,0.454224490109481
0.69,0.591941025641026,0.565026099441504,0.615846414838883,0.530512650993898,0.56993762215225
0.58,0.591941025641026,0.565026099441504,0.637230063212374,0.538907685867992,0.56993762215225
0.6,0.591941025641026,0.565026099441504,0.647204835892709,0.45133818286511,0.56993762215225
0.6,0.591941025641026,0.565026099441504,0.791433217557734,0.53821821041744,0.56993762215225
0.38,0.599754761892857,0.54574146316578,0.529068022896855,0.457842164827073,0.522078025750831
0.6,0.599754761892857,0.54574146316578,0.617834858296648,0.562936902647278,0.6377911577936
0.54,0.599754761892857,0.54574146316578,0.577014533457163,0.575197177477179,0.6377911577936
0.43,0.599754761892857,0.54574146316578,0.697567413582565,0.487627674474296,0.555925170177154
0.63,0.599754761892857,0.54574146316578,0.584858951965091,0.576494365619781,0.6377911577936
0.65,0.654395833375,0.690658993683336,0.754306742519786,0.606261586463438,0.646458203695988
0.64,0.654395833375,0.690658993683336,0.685916810166819,0.703744091895508,0.760794015204715
0.67,0.654395833375,0.690658993683336,0.771217675089745,0.681521271936035,0.760794015204715
0.66,0.654395833375,0.690658993683336,0.797014946867748,0.743606496930609,0.760794015204715
0.58,0.654395833375,0.690658993683336,0.72903339115765,0.681718965064311,0.760794015204715
0.64,0.63088,0.638430015567408,0.715714379018592,0.723592696579522,0.666057715963194
0.5,0.471025641025641,0.638430015567408,0.407060849320801,0.481106455032372,0.428938381661907
0.64,0.63088,0.638430015567408,0.598281761579593,0.70292463808703,0.666057715963194
0.64,0.63088,0.638430015567408,0.596488326783932,0.664154523078405,0.666057715963194
0.66,0.63088,0.638430015567408,0.906722263888514,0.731952625464304,0.666057715963194
0.64,0.63088,0.638430015567408,0.701072531912691,0.722001489763997,0.666057715963194
0.65,0.63088,0.638430015567408,0.637342043459257,0.712616861103727,0.666057715963194
0.63,0.63088,0.638430015567408,0.591971108204512,0.66435221620668,0.666057715963194
0.563333333,0.63088,0.638430015567408,0.45482948034061,0.654572855661651,0.666057715963194
0.46,0.565384615384615,0.557776952675933,0.735257081154642,0.658021621251785,0.570600156488652
0.46,0.565384615384615,0.557776952675933,0.719706912162933,0.659861179731215,0.570600156488652
0.42,0.455833333333334,0.557776952675933,0.453276851490968,0.454278731554503,0.343114191939813
0.68,0.565384615384615,0.557776952675933,0.736619958177961,0.695485326457335,0.570600156488652
0.49,0.565384615384615,0.557776952675933,0.695955006349204,0.686100697797064,0.570600156488652
0.61,0.50225,0.531531304072671,0.642334665724257,0.68548167995937,0.561874441752842
0.44,0.50225,0.531531304072671,0.632268588228342,0.622854506879734,0.479409865167152
0.56,0.50225,0.531531304072671,0.707979731630418,0.731056962385796,0.561874441752842
0.41,0.453970588235294,0.531531304072671,0.483054288173211,0.466145843939005,0.308789544084508
0.42,0.50225,0.531531304072671,0.658281471462403,0.71172119802522,0.561874441752842
0.68,0.651842105263158,0.588801759704087,0.625669517602711,0.685927552758705,0.66617905276003
0.69,0.651842105263158,0.588801759704087,0.629893783447892,0.681897347316061,0.66617905276003
0.64,0.651842105263158,0.588801759704087,0.644704818400652,0.677955556683474,0.66617905276003
0.56,0.651842105263158,0.588801759704087,0.495159901922533,0.585542873956614,0.550465920717262
0.54,0.651842105263158,0.588801759704087,0.529471601743207,0.615328383603837,0.595853382582909
0.69,0.651842105263158,0.588801759704087,0.660921032990158,0.717817961718574,0.66617905276003
0.59,0.651842105263158,0.588801759704087,0.583333677465514,0.655930429852277,0.66617905276003
0.85,0.8657533333,0.767025055208866,0.671241537569006,0.676118399168646,0.811651415053341
0.81,0.653333333333333,0.767025055208866,0.66540718018557,0.570663897661345,0.696958951415773
0.86,0.8657533333,0.767025055208866,0.695115886024069,0.668146403093415,0.811651415053341
0.87,0.745,0.767025055208866,0.650808943532686,0.693088733016661,0.811651415053341
0.88,0.8657533333,0.767025055208866,0.672581234883575,0.605519230013778,0.729119308780733
0.45,0.453970588235294,0.767025055208866,0.526362856879217,0.448810567073049,0.558359267865144
0.9,0.8657533333,0.767025055208866,0.75131713016756,0.692399257566109,0.811651415053341
0.88,0.8657533333,0.767025055208866,0.771694102168969,0.704946921833974,0.811651415053341
0.7,0.73031,0.680396590643554,0.736423688364515,0.690486083144396,0.69605249307259
0.51,0.556666666666667,0.680396590643554,0.46083637179797,0.585031581637094,0.581702629837202
0.78,0.73031,0.680396590643554,0.796051609396778,0.719729440610809,0.69605249307259
0.7,0.73031,0.680396590643554,0.748138302367515,0.686455877701751,0.69605249307259
0.68,0.73031,0.680396590643554,0.733868423470203,0.682514087069164,0.69605249307259
0.43,0.476,0.680396590643554,0.424791955398076,0.477243199063659,0.459083970696136
0.76,0.73031,0.680396590643554,0.792692157127715,0.69519614216251,0.69605249307259
0.43,0.453970588235294,0.680396590643554,0.406883199737944,0.463178251048799,0.443516960475653
0.75,0.73031,0.680396590643554,0.767555669596589,0.719314605809724,0.69605249307259
0.71,0.73031,0.680396590643554,0.657403986740852,0.660488960237967,0.69605249307259
0.83,0.81,0.773583318628643,0.888629704445108,0.701298727321386,0.757788893543904
0.45,0.471025641025641,0.773583318628643,0.551979910217039,0.49786739779531,0.523285386699723
0.77,0.81,0.773583318628643,0.692527229741892,0.64051111272118,0.676359279231484
0.86,0.81,0.773583318628643,0.925884610705634,0.748713568227242,0.757788893543904
0.45,0.453970588235294,0.773583318628643,0.613085201471287,0.483802449780451,0.507880309049858
0.86,0.81,0.773583318628643,0.88431334955774,0.739938804541375,0.757788893543904
0.816666667,0.81,0.773583318628643,0.70891748450805,0.671333798424589,0.757788893543904
0.51,0.565384615384615,0.505150025176601,0.554015927466981,0.672673551647546,0.513416931741493
0.6,0.565384615384615,0.505150025176601,0.559324039281031,0.691060405176129,0.513416931741493
0.57,0.565384615384615,0.505150025176601,0.546614385881419,0.687195165220322,0.513416931741493
0.56,0.565384615384615,0.505150025176601,0.598040362790803,0.720088392553403,0.513416931741493
0.2,0.455833333333334,0.505150025176601,0.389403993152927,0.468930661950264,0.293542593276972
0.61,0.565384615384615,0.505150025176601,0.598063190898242,0.714375515162077,0.513416931741493
0.64,0.565384615384615,0.505150025176601,0.607854870006229,0.700752628192826,0.513416931741493
0.56,0.498,0.505150025176601,0.567007805943652,0.652487983295779,0.513416931741493
0.52,0.565384615384615,0.530788206379026,0.530689821758703,0.687838070760295,0.553989180294074
0.48,0.565384615384615,0.530788206379026,0.511876604373208,0.678026516205634,0.553989180294074
0.18,0.404,0.530788206379026,0.330861866433594,0.474595186679558,0.333808437688761
0.59,0.565384615384615,0.530788206379026,0.536158428787256,0.696413369734216,0.553989180294074
0.41,0.565384615384615,0.530788206379026,0.551759808557335,0.657643254725591,0.553989180294074
0.59,0.565384615384615,0.530788206379026,0.64149889551852,0.70480840460831,0.553989180294074
0.43,0.4875,0.530788206379026,0.461371936975457,0.617238901605428,0.477533040295766
0.53,0.565384615384615,0.530788206379026,0.593193129975557,0.72544135711149,0.553989180294074
0.58,0.565384615384615,0.530788206379026,0.545871117731124,0.719728479720164,0.553989180294074
0.53,0.565384615384615,0.530788206379026,0.552699973074513,0.715490221411183,0.553989180294074
0.94,0.90392222225,0.794478683586203,0.77112707799927,0.72095467916483,0.83093076523565
0.82,0.90392222225,0.794478683586203,0.953041554785596,0.683739325623185,0.83093076523565
0.94,0.90392222225,0.794478683586203,0.852455413457971,0.708681655546431,0.83093076523565
0.93,0.90392222225,0.794478683586203,0.820980822044086,0.729314608049611,0.83093076523565
0.94,0.90392222225,0.794478683586203,0.889741117511852,0.709978843689034,0.83093076523565
