ConditionalTree,M5P,Cubist,SVMR,LARS,MARS
0.03,0.023862548,0.036304317,0.123076156,0.161003099,0.059971064
0.08,0.073862548,0.086304317,0.162350548,0.219578398,0.109971064
-0.01,-0.016137452,-0.003695683,0.057669152,0.090808283,0.019971064
-0.044166667,0.063862548,0.005634904,-0.034710966,-0.012551345,-0.132548218
-0.03,-0.036137452,-0.023695683,0.075490611,0.132893508,-2.89E-05
0.03,0.023862548,0.036304317,0.128292395,0.18865525,0.059971064
-0.04,-0.046137452,-0.033695683,0.026245008,0.119831622,-0.010028936
0.031842105,0.008672077,0.03440625,-0.011992229,0.00647784,0.021836623
-0.02,0.008672077,0.026406233,-0.06618523,-0.098976662,-0.048116208
0.071842105,0.048672077,0.066406233,-0.049725755,-0.053906839,-0.053876509
-0.206,0.018672077,0.003406241,0.031801819,-0.196765044,-0.113127424
-0.048157895,-0.071327923,-0.044593763,-0.100444944,-0.056551827,-0.058163377
-0.154166667,0.018672077,0.02740623,0.010114466,-0.197076605,-0.113009711
-0.127883333,0.028672077,0.051406229,-0.155765622,-0.013298644,0.041836623
-0.006428571,-0.070514411,-0.015300152,-0.058362663,-0.099868275,-0.029782157
-0.046428571,-0.110514411,-0.055300152,-0.026191035,-0.113086387,-0.069782157
-0.026428571,-0.090514411,-0.050300138,-0.090917486,-0.18065589,-0.132272633
-0.046428571,-0.110514411,-0.055300152,-0.117680238,-0.113775863,-0.069782157
-0.088222222,-0.085751341,0.053167779,-0.074949854,-0.124693676,0.023969186
-0.024888889,-0.022144101,-0.003338854,-0.005208695,0.007594551,0.024884638
0.035111111,0.037855899,0.056661146,0.006308655,0.030379198,0.084884638
0.165111111,0.167855899,-0.027338841,0.114205042,0.067966515,0.099171506
0.055111111,0.057855899,0.076661146,0.071126337,0.063061253,0.104884638
-0.044888889,-0.042144101,-0.023338854,-0.048895447,-0.025367948,0.004884638
-0.03,-0.060857303,0.002000062,-0.036644983,-0.048188087,0.003579532
0.036956522,-0.070857303,0.010000069,-0.013023167,-0.039801234,-0.006420468
-0.073043478,-0.180857303,-0.099999931,-0.11163347,-0.141406199,-0.116420468
0.015833333,0.219142697,0.021998492,0.048510593,0.028069023,0.049384808
-0.023043478,-0.130857303,-0.049999931,-0.092146622,-0.080724382,-0.066420468
0.088181818,0.062404207,0.105722671,0.042255106,0.05725606,0.15653478
0.038181818,0.012404207,0.034722643,-0.089658018,-0.083317064,-0.009178352
0.088181818,0.062404207,0.105722671,0.024619841,0.075642914,0.15653478
-0.051818182,-0.077595793,-0.034277329,-0.026335144,-0.056651527,0.01653478
-0.011,-0.01522404,-0.010000048,-0.111954277,-0.117540426,-0.095729674
-0.04,0.20477596,0.099999998,-0.006572654,-0.002994927,0.010880851
-0.011,-0.01522404,-0.010000048,-0.018876291,-0.088297068,-0.095729674
0.009,0.00477596,0.009999952,-0.076696468,-0.105512422,-0.075729674
-0.046666667,0.28477596,0.139999976,0.066477845,0.082074895,0.088557194
0.099,0.09477596,0.03999995,-0.011396407,-0.037735242,0.014270326
-0.045,0.20477596,0.119999979,0.006479075,0.031860405,0.042675844
-0.021,-0.02522404,-0.020000048,-0.069856963,-0.08993714,-0.105729674
0.045833333,0.38477596,0.045619335,0.094888377,0.06890513,0.069482834
-0.031,-0.03522404,-0.030000048,-0.07886545,-0.109888275,-0.115729674
0.043970588,0.38477596,0.04276773,0.068970328,0.055151742,0.05385576
-0.089591473,-0.145873665,-0.078684155,-0.107496561,-0.165224338,-0.097125863
0.064444444,0.064969634,0.015743866,-0.029432392,0.073402922,0.080050272
0.03,0.154969634,0.065743904,0.018083271,0.05794842,0.056169161
-0.015555556,-0.015030366,-0.05225611,0.040746819,0.022646279,5.03E-05
0.054444444,0.054969634,0.005743866,0.02249217,0.055430926,0.070050272
0.031025641,0.234969634,0.007537363,0.001043301,0.030160038,0.014053151
0.024444444,0.024969634,-0.011256123,0.016749176,0.041978221,0.040050272
-0.055555556,-0.055030366,-0.088256102,0.004795266,-0.029626744,-0.039949728
0.004444444,0.004969634,-0.044256134,0.030363593,0.045293331,0.020050272
0.044444444,0.044969634,-0.004256134,0.059563425,0.081055072,0.060050272
0.041025641,0.256556412,0.012020476,0.004532793,0.031519353,0.02616881
0.076956522,-0.003443588,0.020885346,0.03109519,-0.010527703,0.001064269
-0.04,0.006556412,0.020885355,0.022788848,-0.035432579,0.011064269
0.006956522,-0.073443588,-0.00311465,0.024843739,-0.068956904,-0.068935731
-0.110555555,-0.060274625,-0.050318592,-0.033823275,-0.112486167,-0.024320438
0.01125,-0.052193621,-0.01699996,0.02690842,-0.176091406,-0.051954464
0.02125,-0.042193621,0.002000043,-0.001227158,-0.0686089,0.072006482
-0.018974359,0.207806379,-0.051990827,0.010988952,-0.023879788,0.085843917
-0.02875,-0.092193621,-0.04,-0.063999642,-0.14083172,0.022006482
-0.05875,-0.122193621,-0.07,-0.177543069,-0.12366657,-0.007993518
0.02125,-0.042193621,-0.004999986,-0.067185874,-0.131236073,-0.009999228
-0.02875,-0.092193621,-0.04,-0.045598009,-0.073033618,0.022006482
0.00125,-0.062193621,-0.01,0.022423335,-0.052984753,0.052006482
-0.026029412,0.217806379,-0.052108626,0.056311173,-0.027944736,0.080329852
-0.06875,-0.132193621,-0.08,-0.090698331,-0.134356046,-0.017993518
-0.06875,-0.132193621,-0.08,-0.089344878,-0.132369382,-0.017993518
0.01125,-0.052193621,0,-0.059437687,-0.100634027,0.062006482
0.015,-0.049343866,0.016435435,-0.05252956,-0.069270835,0.081236046
-0.082,0.220656134,-0.039803674,-0.025052408,-0.002702164,0.115855371
0.035,-0.029343866,0.045435438,-0.010251972,-0.030883981,0.101236046
0.025,-0.039343866,0.035435438,-0.038093382,-0.044749221,0.091236046
-0.025,-0.089343866,-0.023564565,-0.059986868,-0.129654096,0.041236046
-0.015,-0.079343866,-0.027564564,-0.092582148,-0.160058449,-0.030498158
-0.035,-0.099343866,-0.024564562,-0.080838302,-0.071855994,0.031236046
-0.044166667,0.210656134,-0.030782431,-0.010925919,-0.013013724,0.106046504
-0.046029412,0.210656134,-0.051423848,-0.040318189,-0.026767112,0.09039267
-0.065,-0.129343866,-0.054564562,-0.119344606,-0.123178422,0.001236046
-0.065,-0.129343866,-0.054564562,-0.079864738,-0.121191758,0.001236046
0.216666666,0.032813297,0.088344822,0.005939615,-0.009654141,0.151746363
-0.023076923,-0.151362001,-0.020000036,0.014494725,-0.155345516,-0.031226084
-0.013076923,-0.141362001,-0.010000036,0.002003444,-0.126268664,-0.021226084
-0.013076923,-0.141362001,-0.010000036,-0.087021769,-0.137639957,-0.021226084
-0.258412698,-0.204681022,-0.018673549,-0.124282496,-0.16846297,0.036781529
0.08173913,0.042191004,-0.065199105,0.026853227,0.031189452,-0.025167326
0.00173913,-0.037808996,-0.002199128,0.026797959,0.046832399,0.008949341
0.01173913,-0.027808996,0.025800879,0.072818605,0.058671957,0.018949341
0.08173913,0.042191004,-0.029199121,0.021176339,0.066044784,0.006831575
-0.01826087,-0.057808996,-0.004199121,0.068664396,0.068534362,-0.011050659
0.126666667,0.166238721,0.030809528,0.242275477,0.142743938,0.077330952
-0.013043478,-0.098535893,-0.056513159,-0.070608076,-0.102495923,-0.14181513
-0.015,0.121464107,0.026486876,-0.019747625,0.038329609,-0.003160829
0.056956522,-0.028535893,0.013486841,-0.029422753,-0.009180813,-0.07181513
-0.07,0.015297562,-0.075362685,0.132645071,0.002854375,0.045317626
-0.03,0.086675201,-0.000921342,-0.08716627,-0.026814268,-0.000644132
-0.012063492,-0.093324799,-0.019921329,-0.038037323,-0.072116409,-0.067001507
-0.016666667,0.126675201,-0.013921375,0.017629307,0.018255555,0.037285361
-0.012063492,-0.093324799,-0.019921329,0.119804279,-0.084389433,-0.067001507
0.127936508,0.046675201,-0.004921329,-0.181024424,-0.031958936,-0.008778154
0.005833333,0.296675201,0.023487854,0.019731377,0.075085789,0.087686821
-0.002063492,-0.083324799,-0.009921329,-0.043176442,-0.073092244,-0.057001507
0.067936508,-0.013324799,0.008078625,-0.168302153,-0.051356889,0.012998493
-0.034782609,-0.100289422,-0.050505424,-0.074219532,-0.21042288,-0.041043647
-0.018974359,0.309710578,-0.039470603,0.029044114,-0.013665764,0.133649762
0.025217391,-0.040289422,0.027494583,-0.046123876,-0.133452546,0.018956353
0.035217391,-0.030289422,-0.009505408,-0.075550297,-0.211022049,-0.052752126
0.025217391,-0.040289422,0.027494583,-0.016237475,-0.112819594,0.018956353
-0.026029412,0.319710578,-0.039892088,0.046805696,-0.017730712,0.128191928
0.095217391,0.029710578,0.084494572,0.01187749,-0.110420003,0.088956353
0.047075194,0.015972832,0.046931155,0.039593979,0.017823074,0.054345628
0.066363636,0.175972832,0.003931146,0.041501857,0.087249949,0.098632496
0.067075194,0.035972832,0.066931155,0.055905352,0.052344687,0.074345628
-0.0375,0.025972832,0.046931164,0.001855867,0.007439812,0.064345628
-0.052924806,-0.084027168,0.000931175,0.071841486,-0.055395038,-0.045654372
0.025833333,0.265972832,0.020698912,0.014800025,0.064080184,0.068148743
-0.032924806,-0.064027168,-0.033068845,-0.00530472,-0.020474963,-0.025654372
-0.022924806,-0.054027168,-0.023068845,-0.01185292,-0.014713221,-0.015654372
0.087075194,0.055972832,0.078931139,0.036693563,0.037637505,0.094345628
0.065217391,-0.074252227,0.037000072,-0.089149838,-0.216780464,-0.097315394
-0.014782609,-0.154252227,0.010000045,-0.130830976,-0.182750664,-0.063597834
0.055217391,-0.084252227,0.080000045,-0.096335774,-0.116615904,0.006402166
-0.036029412,0.235747773,-0.053274741,0.061069516,-0.028633795,0.07526304
-0.044782609,-0.184252227,-0.019999955,-0.124061033,-0.19249744,-0.093597834
0.1625,0.02963147,0.139642518,-0.085597118,-0.117381441,0.069656148
0.0125,-0.120343477,0.000329869,-0.254711837,-0.231072167,-0.078271904
-0.0175,-0.150343477,-0.014670146,-0.256047935,-0.248466663,-0.108271904
0.0425,-0.090343477,0.045329854,-0.222062943,-0.192331903,-0.048271904
-0.0175,-0.150343477,-0.014670146,-0.234949525,-0.240071628,-0.108271904
0.0025,-0.130343477,-0.041670136,-0.269656632,-0.307641131,-0.169980754
-0.0175,-0.150343477,-0.014670146,-0.232429131,-0.23877444,-0.108271904
0.047075194,-0.013686448,0.069288142,-0.039215919,0.009714707,0.025313654
-0.013333333,0.096313552,0.069288127,-0.001368548,0.014260205,0.021484892
-0.0275,0.006313552,0.029288139,-0.016721766,-0.000480109,0.045313654
-0.092924806,-0.153686448,-0.070711858,-0.110851289,-0.113314959,-0.114686346
-0.052924806,-0.113686448,-0.030711858,-0.056478514,-0.074004435,-0.074686346
-0.032924806,-0.093686448,-0.010711858,-0.039508452,-0.052017771,-0.054686346
-0.005789474,-0.011215398,-0.002432282,-0.017044277,0.054534278,0.04270714
0.021025641,0.158784602,-0.006013763,-0.036240463,0.021102948,-0.023424965
0.034210526,0.028784602,0.072567685,0.124527335,0.109055892,0.08270714
-0.085789474,-0.091215398,-0.047432315,-0.048131302,0.001316166,-0.03729286
-0.035789474,-0.041215398,0.002567685,0.001147916,0.071949119,0.01270714
-0.085789474,-0.091215398,-0.047432315,-0.04859212,0.016236241,-0.03729286
-0.075789474,-0.081215398,-0.037432315,0.014518217,0.023174355,-0.02729286
0.044210526,0.038784602,0.050567679,0.038972609,0.08434871,0.09270714
-0.006666667,0.134323148,0.038337319,0.069001514,0.122815042,0.100242934
0.065641026,-0.015676852,0.091337268,0.11824323,0.07790978,0.065956066
-0.054358974,-0.135676852,0.025337288,0.075770456,-0.029829945,-0.054043934
0.025833333,0.174323148,0.016611285,0.000689796,0.049645277,0.020605469
-0.104358974,-0.185676852,-0.029662707,0.001254089,-0.067971756,-0.104043934
0.015641026,-0.065676852,0.033337312,-0.000604871,-0.006797402,0.015956066
0.107075194,0.058311021,0.037118022,0.059125457,0.046822161,0.054940764
-0.032924806,-0.081688979,-0.063881943,-0.019766151,-0.053315434,-0.085059236
-0.01,-0.121688979,-0.054881978,-0.0088464,-0.09637732,-0.125059236
-0.057222222,-0.084821022,-0.030742052,0.006021247,0.053002774,0.022540122
-0.007222222,-0.034821022,-0.008742049,0.019609328,0.069729212,0.072540122
0.056666667,0.085178978,0.028257947,0.024473525,0.093374738,0.07682699
-0.037222222,-0.064821022,-0.00474201,0.048008349,0.060040275,0.042540122
-0.047222222,-0.074821022,-0.016742043,0.100512562,0.06258794,0.032540122
-0.017222222,-0.044821022,0.006257987,0.087171992,0.082026939,0.062540122
0.023333333,-0.068621575,0.023375456,-0.185991108,-0.175582546,-0.032381998
0.063333333,-0.028621575,0.066375477,-0.192551058,-0.139612752,0.007618002
0.073333333,-0.018621575,0.070375435,-0.189488027,-0.133554542,0.017618002
-0.018974359,0.311378425,-0.033590039,-0.012754704,-0.00882543,0.11201748
-0.006666667,-0.098621575,-0.035624528,-0.254695628,-0.276181716,-0.144192542
0.023333333,-0.068621575,0.041375463,-0.167455695,-0.13797926,-0.032381998
-0.024166667,0.321378425,-0.00883324,0.005341317,0.000863009,0.122208791
0.003333333,-0.088621575,0.021375463,-0.231424931,-0.167930396,-0.052381998
0.056666667,0.181234722,0.176395178,0.099881461,0.062319336,0.1013885
-0.031111111,-0.138765278,-0.054604836,0.024719419,-0.122982805,-0.104858195
0.146363636,0.241234722,0.214395163,0.122396681,0.127389159,0.159428673
0.031025641,0.241234722,0.005220023,0.020173665,0.014530953,0.039409537
-0.021111111,-0.128765278,-0.072604833,0.008829201,-0.137516103,-0.094858195
0.01,0.181234722,0.18239516,0.107064192,0.097174668,0.133285513
-0.021111111,-0.128765278,-0.072604833,0.008497203,-0.110335753,-0.094858195
-0.031111111,-0.138765278,-0.069604821,0.047645291,-0.124574012,-0.104858195
-0.051111111,-0.158765278,-0.070604827,0.03123459,-0.14339764,-0.124858195
0.028888889,-0.078765278,-0.022604833,0.005449044,-0.122223285,-0.044858195
-0.066258139,-0.122230353,-0.16410188,-0.085087568,-0.134696519,-0.160928264
0.034166667,0.003745285,0.056267169,0.003811482,0.040069043,0.018970207
-0.035833333,-0.066254715,0.031267126,0.021528763,-0.0006876,-0.051029793
0.184166667,0.153745285,0.011267116,0.068481807,0.089684364,0.053257075
0.034166667,0.003745285,0.054267135,0.020912541,0.009874227,0.018970207
0.004166667,-0.026254715,0.034267125,0.050977364,0.047672329,-0.011029793
0.015833333,0.223745285,0.009561268,0.002007465,0.046514599,0.003453085
-0.065833333,-0.096254715,0.010267129,-0.063018702,-0.043650099,-0.081029793
-0.085833333,-0.116254715,-0.00673285,-0.009549688,-0.051102435,-0.101029793
0.054166667,0.023745285,0.076267169,0.01553722,0.03007192,0.038970207
0.044210526,0.043100992,-7.15E-09,0.031875945,0.013473472,-0.009492
0.033970588,0.193100992,0.00883122,-0.045883879,0.041620142,0.002986983
-0.005789474,-0.006899008,-0.009999986,0.059957056,0.038930851,0.054307857
-0.018974359,0.303714989,0.12198324,0.031801247,-0.01028765,0.119822192
0.01,-0.006285011,0.006435704,-0.083356305,-0.102334707,0.044438675
0.03,0.013714989,0.004435689,-0.003976166,-0.117239582,0.064438675
-0.034166667,0.303714989,-0.013973435,0.024497175,-0.01059921,0.120012704
0.01,-0.006285011,0.03143568,-0.01750435,-0.075154357,0.044438675
-0.036029412,0.303714989,-0.042748889,0.065863511,-0.024352598,0.104409693
-0.02,-0.036285011,-0.003564315,-0.070514382,-0.120763907,0.014438675
0.1,0.083714989,0.052435675,0.028034558,-0.056821249,0.134438675
0.077766667,0.018194487,0.063801448,-0.117047835,-0.087677964,0.066136813
0.017766667,-0.041805513,0.003801448,-0.144792146,-0.142967905,0.006136813
-0.145,-0.101805513,-0.056198552,-0.126477111,-0.19070763,-0.053863187
-0.002233333,-0.061805513,-0.016198552,-0.099970876,-0.130074677,-0.013863187
-0.082233333,-0.141805513,-0.096198552,-0.168089296,-0.231397105,-0.093863187
-0.17,-0.131805513,-0.086198552,-0.158416382,-0.219410442,-0.083863187
0.029166667,-0.062608163,0.010357559,0.040949813,-0.078313167,-0.02548546
0.169166667,0.077391837,0.01135756,0.043366412,-0.043767668,0.000635838
0.019166667,-0.072608163,0.008357575,-0.013038575,-0.098124721,-0.03548546
-0.042,0.237391837,-0.004856539,0.0451811,0.008443949,0.03852241
0.069166667,-0.022608163,0.048357584,-0.000284502,-0.068507983,0.01451454
0.089166667,-0.002608163,-0.058642449,0.001736714,-0.088912336,-0.047431988
0.005833333,0.237391837,0.001889694,0.131525755,0.008132389,0.038714039
-0.020833333,-0.112608163,-0.031642425,-0.011562448,-0.096422758,-0.07548546
-0.060833333,-0.152608163,-0.025642421,-0.046510147,-0.152032308,-0.11548546
0.001515152,-0.050799311,-0.013995299,-0.116246647,-0.08236077,-0.02350433
0.071515152,0.019200689,0.064004717,-0.002949525,-0.022172325,0.04649567
0.071515152,0.019200689,0.025004742,0.011068627,-0.020332767,0.04649567
0.001515152,-0.050799311,-0.015995274,-0.090725921,-0.112555586,-0.02350433
-0.058484848,-0.110799311,-0.065995283,-0.060308171,-0.110470361,-0.08350433
-0.018484848,-0.070799311,-0.025995283,-0.075599836,-0.07470862,-0.04350433
-0.008484848,-0.060799311,0.018004756,-0.046977944,-0.074093248,-0.03350433
0.067936508,0.006446977,0.084257355,-0.112216506,-0.059998497,0.006694259
-0.012063492,-0.073553023,0.004257355,-0.108584525,-0.110755139,-0.073305741
0.077936508,0.016446977,0.094257355,-0.047811908,-0.054028702,0.016694259
0.097936508,0.036446977,0.114257355,-0.029502186,-0.037970493,0.036694259
-0.042,0.316446977,0.000971276,0.000458821,0.036758619,0.081306614
0.017936508,-0.043553023,0.054257336,-0.094293325,-0.07239521,-0.043305741
0.025833333,0.336446977,0.02780021,0.037408471,0.056447059,0.101497752
-0.082063492,-0.143553023,-0.065742645,-0.185579962,-0.193717638,-0.143305741
-0.022063492,-0.083553023,-0.057742631,-0.14891417,-0.17999562,-0.083305741
-0.192270834,-0.142128148,0.020038572,-0.153156274,-0.173086637,-0.10768437
0.035555556,0.032601444,0.031722114,-0.081006335,0.062010513,0.02184942
-0.014444444,-0.017398556,0.026722131,0.010932742,0.04125387,-0.02815058
0.056,0.252601444,0.036096083,-0.010064731,0.068767629,0.005951588
-0.05,0.112601444,-0.017277894,0.014106495,0.071411344,0.019935637
-0.004444444,-0.007398556,-0.00027787,-0.032016517,0.059613799,-0.01815058
-0.014444444,-0.017398556,-0.01027787,-0.027721801,0.039662663,-0.02815058
0.023970588,0.242601444,0.018760629,-0.045159537,0.044702681,-0.019545086
-0.024444444,-0.027398556,0.025722134,-0.037868993,0.018291371,-0.03815058
0.005555556,0.002601444,0.058722095,0.08992868,0.060839036,-0.00815058
-0.011818182,-0.023421927,-0.018167109,0.005556902,-0.046993689,0.043342428
0.028181818,0.016578073,0.060832865,0.157496734,0.005688366,0.083342428
-0.061818182,-0.073421927,-0.029167135,0.038944846,-0.051418407,-0.006657572
-0.051818182,-0.063421927,0.02983289,0.101808085,-0.050193171,0.003342428
0.022307692,-0.029646688,-0.01099998,-0.112994285,-0.011575679,0.002858472
0.082307692,0.030353312,0.046999986,0.008777208,0.018229505,0.062858472
-0.067692308,-0.119646688,-0.058999984,-0.081296151,-0.083308157,-0.087141528
0.014615385,-0.078722573,0.024730737,-0.230232167,-0.178620182,-0.100917225
0.224615385,0.131277427,0.073730724,-0.032498598,-0.074074683,-0.004238021
-0.025384615,-0.118722573,-0.015269263,-0.171566319,-0.189376824,-0.140917225
-0.005384615,-0.098722573,0.004730737,-0.190986047,-0.202650387,-0.120917225
0.004615385,-0.088722573,0.034730718,-0.162799205,-0.151016895,-0.110917225
0.005833333,0.351277427,0.012153643,0.021037638,0.037825374,0.09443749
-0.232270834,-0.277214904,-0.163731706,-0.302405739,-0.225683289,-0.07330012
-0.015079365,0.019814594,-0.00607671,0.080967125,0.126926179,0.105026321
-0.055079365,-0.020185406,-0.032076712,0.06764877,0.116169537,0.065026321
0.024920635,0.059814594,0.024923286,0.109969644,0.157114625,0.145026321
0.024920635,0.059814594,0.027923307,0.044565662,0.158954183,0.145026321
-0.045079365,-0.010185406,-0.004076705,0.082668813,0.105501478,0.075026321
0.014920635,0.049814594,0.02392329,0.21365046,0.161636238,0.135026321
-0.015079365,0.019814594,-0.049576716,0.076844261,0.096731363,0.105026321
-0.115079365,-0.080185406,-0.073076718,0.164766635,0.043896513,0.005026321
-0.065079365,-0.030185406,-0.04607672,0.083496739,0.114529466,0.055026321
0.035833333,0.179814594,0.028583454,-0.04507781,0.073371735,0.028893009
-0.025079365,0.009814594,-7.67E-05,0.14966105,0.145754702,0.095026321
0.025076923,-0.025943543,0.074561532,0.081057125,0.085395905,0.060491179
0.095076923,0.044056457,0.107561531,0.073037682,0.134727846,0.130491179
0.065076923,0.014056457,0.077561531,0.004284244,0.100862606,0.100491179
0.075076923,0.024056457,0.077561541,-0.003444536,0.075957731,0.110491179
0.03,0.104056457,0.030561507,0.026824748,0.115553378,0.108834877
0.055076923,0.004056457,0.067561531,0.047257883,0.113804698,0.090491179
-0.018974359,0.216177574,0.110666225,-0.009115991,-0.032337302,0.083081678
-1.11E-16,-0.103822426,-0.007000027,-0.167111945,-0.134384359,-0.002600696
0.06,-0.043822426,0.030999959,-0.025708683,-0.109289234,0.057399304
0.03,-0.073822426,0.048999937,-0.082565513,-0.071491131,0.027399304
0.12,0.016177574,0.092999933,-0.019916307,-0.049091541,0.117399304
0.031666667,-0.017090103,-0.006318245,-0.023890474,0.006055948,0.023404113
0.011666667,-0.037090103,-0.025318198,0.110117421,0.002603243,0.003404113
0.036666667,-0.027090103,-0.017318232,0.016470137,-0.026166872,0.013404113
-0.04,0.092909897,0.094681811,-0.047461878,0.053428775,0.050984232
0.021666667,-0.027090103,-0.017318232,0.024625332,-0.025969179,0.013404113
-0.016666667,-0.028269373,-0.025649943,-0.003216304,0.029842466,-0.079576912
0.023333333,0.011730627,0.011350036,0.031041527,0.032627113,-0.039576912
-0.016666667,-0.028269373,-0.036649921,-0.04172209,0.005309168,-0.079576912
-0.126666667,-0.006096895,-0.036453317,0.171497005,-0.070053771,-0.024998351
-0.005193333,-0.006096895,0.008546699,0.02452741,0.04397603,-0.024998351
-0.005193333,-0.006096895,0.010546703,-0.152126914,0.052371065,-0.024998351
-0.015193333,-0.016096895,0.005546699,-0.071422779,0.053052881,-0.034998351
-0.015193333,-0.016096895,0.005546699,-0.110699684,0.054229253,-0.034998351
0.023333333,0.013064977,0.01699996,-0.006498981,0.014190159,0.06439816
0.055,0.093064977,0.088999944,0.084710926,-0.002164315,0.028685028
-0.008974359,0.033064977,-0.004000049,0.100165863,-0.17502252,0.08439816
-0.0425,-0.016935023,-0.019000022,0.002748313,-0.082378805,0.03439816
-0.076666667,-0.086935023,-0.081000066,-0.078937291,-0.049889227,-0.03560184
-0.016029412,0.043064977,0.02999997,0.055563469,-0.179087468,0.09439816
-0.096666667,-0.106935023,-0.102000053,-0.085354408,-0.085498777,-0.05560184
-0.046666667,-0.056935023,-0.051000066,-0.051378511,-0.022951113,-0.00560184
-0.082,-0.066935023,-0.065000014,-0.08906908,-0.091776759,-0.01560184
-0.010245238,0.043976083,-4.53E-08,0.112669378,0.098951426,-0.073039953
-0.020245238,0.033976083,-0.010000045,0.017318474,0.051736072,-0.083039953
-0.166,0.083976083,-0.047984071,-0.083578362,-0.103534816,-0.270553257
0.019754762,0.073976083,0.029999955,0.158467867,0.104418127,-0.043039953
-0.070245238,-0.016023917,-0.060000045,-0.007634268,0.026678402,-0.133039953
-0.030245238,0.023976083,-0.020000045,0.011147962,-0.020891101,-0.175514698
-0.116029412,0.083976083,-0.054718978,-0.065029524,-0.117599764,-0.286156056
-0.020245238,0.033976083,-0.010000045,0.07706699,0.088536591,-0.083039953
-0.070245238,-0.016023917,-0.060000045,0.035008657,0.02797559,-0.133039953
-3.33E-16,-0.049764087,6.68E-08,-0.139121837,-0.319684416,-0.074802603
-3.33E-16,-0.049764087,6.68E-08,-0.04420769,-0.184986557,0.038746809
0.031025641,0.440235913,0.257718143,0.294222289,0.062527202,0.29343707
-0.01,-0.059764087,-0.009999933,-0.087982342,-0.25442473,0.028746809
-3.33E-16,-0.049764087,6.68E-08,0.063093699,-0.176626628,0.038746809
0.015833333,0.440235913,0.263852117,0.279525698,0.062215642,0.293628146
-3.33E-16,-0.049764087,6.68E-08,0.061593325,-0.185401391,0.038746809
-0.01,-0.059764087,-0.009999933,-0.049908718,-0.205962392,0.028746809
-0.014615385,0.012007472,-0.029001253,0.089006337,0.11140323,0.05189498
-0.074615385,-0.047992528,-0.089001253,-0.006442662,0.039130207,-0.00810502
-0.0225,0.082007472,0.040998747,-0.117486009,0.081560704,0.057082065
-0.064615385,-0.037992528,-0.079001253,-0.01896597,0.064050282,0.00189498
-0.056029412,0.082007472,0.040998747,-0.229886636,-0.075147959,-0.077016732
-0.052,0.042007472,0.000998747,0.021260413,0.08216275,0.08189498
-0.03958,0.095807472,0.054798747,0.014537679,0.126183389,0.13569498
-0.037777778,-0.061696293,-0.049067595,-0.10093797,-0.134854852,-0.074000237
0.082222222,0.058303707,0.070932405,-0.076699457,-0.120309354,-0.068689546
0.002222222,-0.021696293,-0.009067595,-0.183437746,-0.195239531,-0.149713369
-0.128974359,0.128303707,-0.157042539,-0.075299154,-0.158097737,-0.121672197
-0.037777778,-0.061696293,-0.049067595,-0.282580988,-0.126279553,-0.074000237
0.012222222,-0.011696293,0.000932405,-0.134416136,-0.115049668,-0.024000237
0.102222222,0.078303707,0.090932405,-0.107048735,-0.065454022,-0.016530073
-0.037777778,-0.061696293,-0.049067595,-0.055424431,-0.097251566,-0.074000237
-0.027777778,-0.051696293,-0.039067595,-0.103267282,-0.092964443,-0.064000237
-0.146029412,0.128303707,-0.162020183,-0.012113167,-0.172162685,-0.137285417
-0.027777778,-0.051696293,-0.039067595,-0.10053029,-0.108573994,-0.064000237
-0.007777778,-0.031696293,-0.019067595,-0.133339818,-0.08658733,-0.044000237
0.148822222,0.124903707,0.137532405,0.154992704,0.011968664,0.112599763
-0.018304762,-0.020081166,0.089956141,0.259642242,0.272541833,0.102287844
0.001695238,-8.12E-05,0.115956153,0.288215894,0.305223888,0.122287844
-0.028304762,-0.030081166,0.070956137,0.21525747,0.240319013,0.092287844
0.031695238,0.029918834,0.112956131,0.217519664,0.25991466,0.07043891
-0.038304762,-0.040081166,0.101956146,0.340181731,0.298117116,0.082287844
0.011695238,0.009918834,0.13695616,0.333197786,0.339342352,0.132287844
0.012142857,-0.026534733,-0.020308144,0.011533369,0.075105266,0.055805573
0.032142857,-0.006534733,-0.001308131,0.056119876,0.091075061,0.075805573
0.002142857,-0.036534733,-0.031308131,0.034344189,0.05713327,0.045805573
-0.027857143,-0.066534733,-0.063308165,0.052836328,0.00491045,0.015805573
-0.007857143,-0.046534733,-0.039308157,0.074044386,0.071386125,0.035805573
0.005833333,-0.01213856,-0.010965276,0.001366708,0.042237119,0.046443896
0.015833333,-0.00213856,-0.003965237,0.003097002,0.018963556,0.056443896
-0.066,0.06786144,0.049034743,0.076921983,-0.120249123,0.126443896
0.045833333,0.02786144,0.028034737,0.041153481,0.06156906,0.086443896
-0.0125,0.03786144,0.031034768,0.045461242,-0.007605408,0.096443896
-0.026029412,0.05786144,0.039034743,0.057470806,-0.144314071,0.116443896
-0.060457667,0.020783773,0.016957062,0.036622751,0.006139611,0.079366229
-0.000714286,-0.021188918,0.000999968,-0.006706739,0.054953992,-0.056212103
0.059285714,0.038811082,0.025999972,0.015449586,0.024380868,-0.111925235
-0.030714286,-0.051188918,-0.007000017,0.020531264,0.072368833,-0.086212103
-0.020714286,-0.041188918,-0.009000041,0.032861247,0.061046405,-0.076212103
-0.12,0.023577186,0.010991704,0.035576352,-0.008306412,-0.065960601
0.011941026,-0.006422814,0.018991692,-0.030034982,0.059176093,0.011373825
0.061941026,0.043577186,0.073991687,-0.011273426,0.121858148,0.061373825
-0.105,-0.006422814,0.010991676,0.081898037,0.036953273,0.011373825
-0.008058974,-0.026422814,0.00999167,0.024453633,0.065415611,-0.008626175
0.009285714,0.006202065,-0.005617628,-0.003976596,0.001576276,0.05153049
0.009285714,0.006202065,-0.005617628,0.03115442,-0.004205073,0.05153049
-0.044166667,0.016202065,0.004382372,0.086118753,-0.197947963,0.06153049
-0.000714286,-0.003797935,-0.000617642,0.015994965,0.013874003,0.04153049
0.049285714,0.046202065,0.034382372,0.026766516,0.015609359,0.09153049
-0.018,-0.123996679,-0.127778893,-0.122467227,-0.150279722,-0.113064952
0.002,-0.103996679,-0.119778917,-0.154880699,-0.163553285,-0.093064952
0.002,-0.103996679,-0.122778878,-0.167638118,-0.169334634,-0.093064952
-0.008974359,0.276003321,0.176221092,-0.013738952,0.007234037,0.050710951
-0.038,-0.143996679,-0.145778918,-0.147257022,-0.16763267,-0.133064952
0.003970588,0.306003321,0.206221092,-0.015769809,0.023169089,0.065192844
-0.038,-0.143996679,-0.152778888,-0.147308808,-0.183242221,-0.133064952
0.062,-0.043996679,-0.070778894,-0.106661449,-0.129520202,-0.033064952
0.085466667,-0.020530012,-0.050312248,-0.121275806,-0.115832896,-0.009598285
0.015,-0.05214426,0.017725852,-0.084964818,0.050947018,-0.076032198
0.025,-0.04214426,0.013725853,-0.140236375,0.023731665,-0.066032198
0.085,0.01785574,0.038725827,-0.065262365,-0.008681018,-0.12174533
0.105,0.03785574,0.100725822,0.013557739,0.12027896,0.013967802
0.035,-0.03214426,0.028725848,-0.014656226,0.04641372,-0.056032198
-0.015,-0.08214426,-0.017274144,-0.07656805,0.008673994,-0.106032198
-0.054166667,0.09785574,0.07372587,-0.100309177,-0.041850784,-0.121505387
0.005,-0.06214426,0.008725839,-0.102625341,0.04359407,-0.086032198
-0.025,-0.09214426,-0.022274148,-0.100813154,0.010532183,-0.116032198
-0.015,-0.08214426,-0.014274123,-0.117062342,0.009971183,-0.106032198
0.035,-0.03214426,0.015725837,-0.090851905,0.011706538,-0.056032198
0.015641026,-0.01754659,0.011761639,-0.021125302,0.023344025,0.055545432
0.041025641,0.14245341,0.020200617,0.257457101,-0.020087305,-0.019381714
0.005641026,-0.02754659,0.001761639,0.026671071,0.027865638,0.045545432
-0.024358974,-0.05754659,-0.026238327,-0.004480378,0.030758865,0.015545432
-0.014358974,-0.04754659,0.053761666,-0.024758283,0.03080773,0.025545432
-0.044358974,-0.07754659,-0.047238374,-0.094450721,-0.008576899,-0.004454568
0.027075194,-0.045942938,-0.009104145,-0.030054605,-0.011615387,-0.011775215
-0.043636364,0.024057062,0.013895864,-0.108981763,-0.032188511,-0.057488347
-0.032924806,-0.105942938,-0.068104157,-0.081465898,-0.053228534,-0.071775215
-0.044166667,0.154057062,0.068983912,-0.047181201,-0.015358277,-0.048258035
-0.022924806,-0.095942938,-0.05710417,-0.027934696,-0.019913424,-0.061775215
0.03,-0.105942938,-0.06710417,-0.0460853,-0.03297531,-0.071775215
0.117075194,0.044057062,0.079895868,0.014803227,0.058199044,0.078224785
0.063008527,-0.010009605,0.017829185,-0.056651678,-0.005646983,0.024158118
-0.025,-0.051906295,-0.177926195,-0.073835891,-0.136723983,-0.207466358
-0.005,-0.031906295,-0.063926213,-0.023601359,0.017973876,-0.088152644
-0.045,-0.071906295,-0.126926215,-0.095118553,-0.055299687,-0.128152644
0.095,0.068093705,0.022073789,0.071150865,0.097305818,0.011847356
-0.045,-0.071906295,-0.112926216,-0.042798383,-0.034988623,-0.128152644
0.005,-0.021906295,-0.053926213,0.014419574,0.027559041,-0.078152644
0.043636364,0.12680377,0.062999988,0.169956419,0.323828659,0.231160171
0.063636364,0.14680377,0.075000001,0.171984904,0.24344398,0.135447039
0.021025641,0.02680377,-0.06500001,-0.014808944,0.010585775,-0.073527271
0.063636364,0.14680377,0.082999988,0.209998809,0.352403958,0.251160171
0.043636364,0.12680377,0.062999988,0.189718675,0.328538718,0.231160171
-0.016363636,0.06680377,-0.002000008,0.155830725,0.19322949,0.100083966
0.003636364,0.08680377,0.024999992,0.210966968,0.315719068,0.191160171
0.003970588,0.02680377,-0.053000015,0.005402823,-0.003479173,-0.086973663
-0.006363636,0.07680377,0.014999992,0.208937945,0.302657182,0.181160171
-0.006363636,0.07680377,0.009999996,0.13555399,0.243831536,0.181160171
-0.192863636,-0.10969623,-0.176500004,-0.068925839,0.047552175,-0.005339829
0.007272727,-0.048225699,-0.08029983,-0.036772299,-0.007939498,-0.156511348
0.027272727,-0.028225699,0.01070015,0.030106828,0.113484798,-0.037361895
0.007272727,-0.048225699,-0.013299859,0.011690136,0.087703449,-0.057361895
0.007272727,-0.048225699,-0.012299812,-0.015481041,0.089543007,-0.057361895
0.097272727,0.041774301,0.013700178,0.071034362,0.087130325,-0.083075027
0.067272727,0.011774301,0.057700179,0.079180333,0.162225062,0.002638105
-0.032727273,-0.088225699,-0.035299852,-0.016354389,0.074485337,-0.097361895
0.067272727,0.011774301,0.032700143,0.044251358,0.12751788,0.002638105
-0.074091667,-0.082620851,-0.068533134,-0.046198453,-0.087259625,-0.020637495
-0.044091667,-0.052620851,-0.047533138,-0.006813182,0.0048256,0.009362505
-0.28,-0.002620851,-0.016533132,-0.16958699,-0.204372641,-0.127050255
-0.044091667,-0.052620851,-0.048533125,0.018896581,-0.010783951,0.009362505
-0.044091667,-0.052620851,-0.047533138,-0.004242223,0.001763713,0.009362505
0.026,-0.041555221,-0.050999944,-0.076991039,-0.073207779,-0.071534967
-0.024,-0.091555221,-0.089999907,-0.092013218,-0.098954924,-0.121534967
-0.024,-0.091555221,-0.08899992,-0.10080083,-0.096968261,-0.121534967
0.176,0.108444779,0.090000052,0.084458449,0.054767094,0.078465033
0.008137255,-0.059527715,0.028999903,-0.121102721,-0.032245711,-0.028785985
0.008137255,-0.059527715,0.028999903,-0.062697137,-0.036275916,-0.028785985
-0.116,0.130472285,-0.081037779,-0.043958092,-0.055488595,-0.075772105
-0.021862745,-0.089527715,-0.001000097,-0.035070264,-0.030355302,-0.058785985
-0.011862745,-0.079527715,0.008999903,-0.052177093,-0.033978189,-0.048785985
0.055,-0.014168989,0.001912847,0.024093913,0.12744504,0.02358934
0.195,0.125831011,0.095912843,0.062203053,0.161990538,0.052028217
0.045,-0.024168989,-0.010087128,0.013443416,0.113414834,0.01358934
0.025,-0.044168989,-0.032087162,-0.028326462,0.087633485,-0.00641066
0.081025641,0.205831011,0.109912858,-0.135662854,0.134202155,0.012399956
-0.005,-0.074168989,-0.05608712,0.0061628,0.072155099,-0.03641066
0.155,0.085831011,0.088912835,0.13019289,0.197250224,0.12358934
0.195,0.125831011,0.110912828,0.044432108,0.19684587,0.08331053
0.005,-0.064168989,-0.036087129,0.021642481,0.10509719,-0.02641066
-0.045,-0.114168989,-0.091087124,-0.117198761,0.043725898,-0.07641066
-0.035,-0.104168989,-0.075087142,-0.007509058,0.066273562,-0.06641066
0.032533333,-0.036635656,-0.03755384,0.013661468,0.065201889,0.001122673
-0.018058974,-0.120208541,-0.009062097,-0.039910189,0.103217714,-0.034045375
0.171941026,0.069791459,0.116937892,0.049995711,0.200805031,0.040241493
0.261941026,0.159791459,0.22793786,0.092334112,0.320590541,0.170878436
-0.038058974,-0.140208541,-6.21E-05,-0.017703606,0.123080119,-0.054045375
0.32,0.229791459,0.194937875,0.092237732,0.233881878,0.085544788
0.015111111,0.019319504,0.009697803,0.130882749,0.225551168,0.062295582
-0.004888889,-0.000680496,-0.010302197,0.139347989,0.197579172,0.042295582
0.105111111,0.109319504,0.099697803,0.077305749,0.215166489,0.03658245
0.035111111,0.039319504,0.029697803,0.122513259,0.262521502,0.082295582
-0.014888889,-0.010680496,-0.020302197,0.175918556,0.233154454,0.032295582
0.023970588,0.049319504,0.024360753,-0.059986993,0.028243336,-0.157550894
-0.032307692,-0.077638598,-0.094089875,-0.064763937,-0.078783361,-0.087447142
0.247692308,0.202361402,0.150910099,0.194649591,0.110643515,0.076839726
-0.046,0.232361402,0.134910095,0.214476587,0.027785309,0.222552858
-0.082307692,-0.127638598,-0.138089893,-0.135016537,-0.114261748,-0.137447142
-0.072307692,-0.117638598,-0.11908989,-0.103373004,-0.081319656,-0.127447142
-0.121766667,0.076417547,0.186647439,0.38093332,0.001804939,0.168941042
-0.024513333,-0.043493772,0.001000044,0.088910615,-0.00458029,-0.012168141
-0.056029412,0.136506228,0.087000062,-0.017477443,-0.079540273,0.022739038
-0.024513333,-0.043493772,0.001000044,-0.038570399,-0.003403918,-0.012168141
-0.024513333,-0.043493772,-0.00099993,-0.027721448,-0.013964919,-0.012168141
-0.035079365,-0.040585627,-0.029623425,0.158836891,0.148241268,0.000363651
0.034920635,0.029414373,0.039376588,0.238282847,0.19757321,0.070363651
-0.035079365,-0.040585627,-0.030623412,0.212709343,0.135968244,0.000363651
-0.065079365,-0.070585627,-0.059623425,0.206285474,0.126601197,-0.029636349
-0.075079365,-0.080585627,-0.069623425,0.122798988,0.110888319,-0.039636349
-0.066029412,0.039414373,-0.077863027,-0.054472701,-0.028309922,-0.171646256
-0.045079365,-0.050585627,-0.039623425,0.128898956,0.125278769,-0.009636349
-0.029166667,-0.042460143,-0.024673693,0.072309339,0.243647298,0.000352499
-0.019166667,-0.032460143,-0.012673689,0.194989464,0.282890656,0.010352499
-0.029166667,-0.042460143,-0.02567371,0.120106811,0.239617093,0.000352499
-0.049166667,-0.062460143,-0.052673709,0.002597255,0.123262619,-0.135360633
0.030833333,0.017539857,0.036326294,0.212701445,0.312222597,0.060352499
-0.029166667,-0.042460143,-0.030673705,0.090830132,0.173048129,-0.073615298
0.215833333,0.147539857,0.1473263,0.145908032,0.220092854,-0.022489264
0.050833333,0.037539857,0.052326286,0.259597965,0.293650175,0.080352499
0.289566667,0.204851168,-0.093242315,0.112277425,0.156881357,0.054463431
0.019285714,-0.072195866,0.018371701,-0.003985253,-0.073845857,-0.063308431
0.109285714,0.017804134,-0.094628308,0.012571639,-0.074418981,-0.089021563
-0.040714286,-0.132195866,0.012371721,-0.031151316,-0.107063968,-0.123308431
-0.010714286,-0.102195866,-0.011628299,0.041031532,-0.062143893,-0.093308431
-26.50071429,-26.59226806,-26.27999999,-26.58558848,-26.61015561,-26.60078813
0.03173913,0.039343833,0.062996938,0.006773027,0.098537259,0.136400644
0.06173913,0.069343833,-0.017003076,0.023142318,0.023082757,0.051966381
0.05173913,0.059343833,0.082996938,0.060163153,0.114507053,0.156400644
0.18173913,0.189343833,0.062996902,0.162769616,0.14815258,0.170687512
0.00173913,0.009343833,-0.027003064,0.03095966,0.038342443,0.106400644
0.02173913,0.029343833,0.052996938,0.061471859,0.105507593,0.126400644
-0.00826087,-0.000656167,0.022996938,0.015661566,0.08618941,0.096400644
-0.10826087,-0.100656167,-0.077003062,-0.048138545,-0.025181883,-0.003599356
-0.10826087,-0.100656167,-0.077003062,-0.029900552,-0.012634218,-0.003599356
-0.08826087,-0.080656167,-0.057003062,-0.03697878,-0.003195219,0.016400644
0.01173913,0.019343833,0.010996933,-0.000380858,0.048540136,0.116400644
0.041538462,0.010750642,0.006879151,0.021569221,0.062319789,-0.083383012
0.051538462,0.020750642,0.056879172,0.053995204,0.167962736,0.041135945
0.041538462,0.010750642,0.046879172,0.036961816,0.159802294,0.031135945
0.131538462,0.100750642,0.08687916,-0.015835669,0.157389612,0.005422813
0.001538462,-0.029249358,0.019879124,0.021150153,0.136349589,-0.008864055
0.001538462,-0.029249358,0.006879172,0.023257785,0.097777168,-0.008864055
-0.08224,-0.303934132,-0.263405492,-0.321053708,-0.260074351,-0.298141826
-0.08224,-0.303934132,-0.296405485,-0.324470606,-0.299129263,-0.298141826
-0.06224,-0.283934132,-0.275405498,-0.303044402,-0.277289705,-0.278141826
0.046666667,-0.003934132,-0.077405515,-0.087591799,-0.089702388,-0.113854958
-0.018974359,0.196065868,0.015559921,0.02748656,-0.002560593,-0.035285251
-0.06224,-0.283934132,-0.257405491,-0.329934016,-0.26074241,-0.278141826
0.31776,0.096065868,0.091594491,0.05506087,0.080487475,0.101858174
0.15776,-0.063934132,-0.104405463,-0.107492567,-0.119916878,-0.140488132
-0.034166667,0.196065868,-0.022804579,0.003993421,-0.002872153,-0.035092687
-0.02224,-0.243934132,-0.202405505,-0.251932001,-0.1974273,-0.238141826
-0.09224,-0.313934132,-0.270405471,-0.331822405,-0.271665558,-0.308141826
-0.036029412,0.196065868,0.008261154,0.006923559,-0.016625541,-0.050863751
0.33776,0.116065868,0.147594504,0.143869594,0.146963149,0.121858174
0.002173913,0.079500401,-0.070805789,0.107645398,0.122304108,0.059697296
-0.217826087,-0.140499599,-0.209805789,-0.039350042,0.037001967,-0.045788562
-0.217826087,-0.140499599,-0.210805776,-0.064727537,0.016333909,-0.045788562
-0.007826087,0.069500401,-0.000805776,0.160908906,0.234728944,0.164211438
0.002173913,0.079500401,-0.000805796,0.138962621,0.157159441,0.091807651
-0.157826087,-0.080499599,-0.149805789,0.09245939,0.105361896,0.014211438
-0.027826087,0.049500401,-0.019805789,0.172548019,0.214039468,0.144211438
0.018333333,-0.024693591,0.031874297,0.072135716,-0.034731909,0.036172257
-0.051666667,-0.094693591,-0.030125687,0.056335681,-0.036933807,-0.033827743
-0.011666667,-0.054693591,0.001874297,0.000884174,-0.002646684,0.006172257
-0.046029412,0.165306409,-0.07265237,0.074360944,-0.041844925,-0.027043953
-0.011666667,-0.054693591,0.001874297,0.032656616,-0.005708571,0.006172257
-0.04224,-0.144961506,-0.123385859,-0.115589855,-0.217861592,-0.098161062
-0.136666667,0.015038494,-0.06738589,-0.052430745,-0.163316094,-0.052842402
-0.05224,-0.154961506,-0.098385892,-0.176117489,-0.198618235,-0.108161062
0.00776,-0.094961506,-0.085385883,-0.150786306,-0.177673147,-0.048161062
0.07776,-0.024961506,-0.029385881,-0.083278585,-0.128056408,0.021838938
0.06776,-0.034961506,-0.088385906,-0.121692426,-0.178460761,-0.070685164
-0.06224,-0.164961506,-0.110385866,-0.181861795,-0.210209441,-0.118161062
-0.026029412,0.325038494,-0.021375011,0.163937546,0.024830576,0.118571358
0.046666667,0.135038494,0.134614127,0.064735874,0.032141285,0.181838938
-0.017157778,-0.064782865,0.059996545,-0.079238087,0.001728853,-0.029676005
0.052842222,0.005217135,0.039996572,-0.058781795,-0.018844271,-0.075389137
-0.017157778,-0.064782865,0.090996563,0.080343283,0.020115706,-0.029676005
-0.017157778,-0.064782865,0.093996525,-0.024260941,0.028510741,-0.029676005
0.033970588,0.265217135,0.039388644,0.00670248,0.114232575,0.047817763
-0.007157778,-0.054782865,0.104996572,0.031552013,0.039807929,-0.019676005
0.019130435,-0.090359439,-0.059400296,0.026882974,-0.155509706,0.000961524
0.019130435,-0.090359439,-0.066400325,0.019146969,-0.159451496,0.000961524
0.049130435,-0.060359439,-0.007400281,-0.055888037,-0.112904201,0.030961524
-0.010869565,-0.120359439,-0.080400293,-0.022294181,-0.176769441,-0.029038476
0.159130435,0.049640561,0.057599702,-0.034035992,-0.041674316,0.140961524
0.025833333,0.329640561,-0.003272735,0.093789061,0.054966056,0.183482355
0.023970588,0.329640561,0.022504307,0.072020175,0.041212668,0.167676128
-0.12,0.021481159,-0.013468909,-0.017661751,-0.202717102,-0.082278232
-0.018095238,-0.068518841,-0.092468932,-0.06865793,-0.158019243,-0.065835283
-0.055,0.061481159,0.027531078,-0.016777179,-0.157647279,-0.051548415
-0.008095238,-0.058518841,-0.084468966,-0.048404102,-0.172552541,-0.055835283
0.001904762,-0.048518841,-0.072468932,-0.00765377,-0.135372191,-0.045835283
0.001904762,-0.048518841,-0.073468919,-0.03867351,-0.148995078,-0.045835283
0.191904762,0.141481159,0.112531073,0.103194023,-0.007259723,0.144164717
-0.101746666,-0.130666469,-0.065319976,-0.161399706,-0.193271642,0.027147195
-0.040869565,-0.11730757,-0.103165064,-0.052889186,-0.170788024,-0.068638837
0.009130435,-0.06730757,-0.065165029,-0.099482194,-0.130599579,-0.018638837
0.046363636,0.25269243,0.164834938,0.117096642,0.098827297,0.185648031
-0.060869565,-0.13730757,-0.117165022,-0.11402249,-0.186077965,-0.088638837
-0.01,0.27269243,0.211834948,0.152815175,0.148612806,0.239117586
0.025833333,0.36269243,0.003845967,0.092651258,0.095657531,0.174705904
-0.010869565,-0.08730757,-0.042165046,-0.006186706,-0.111959502,-0.038638837
0.294225641,-0.219549999,0.187859064,0.568061534,0.246778998,0.350156484
-0.146666667,0.005301975,0.029999971,0.016614894,0.055304918,-0.065687231
-0.056666667,-0.074698025,-0.050000029,0.015090726,0.070947865,-0.07180102
-0.124166667,-0.074698025,-0.050000029,-0.127295271,-0.132795025,-0.224791924
-0.026666667,-0.044698025,-0.020000029,-0.007997036,0.13841157,-0.04180102
-0.126029412,-0.074698025,-0.050000029,-0.141768092,-0.146548412,-0.23497475
-0.177009524,0.175902576,0.078782348,0.23006938,0.127081505,0.08455922
0.04,0.021660594,-0.03772176,-0.089099251,-0.005967471,-0.010374166
-0.021818182,-0.038339406,-0.01672173,0.045912543,0.068730388,0.044251632
0.04,0.021660594,0.032278292,-0.133485451,0.028887861,0.021767498
-0.021818182,-0.038339406,-0.01672173,0.006867332,0.077090317,0.044251632
-0.054166667,0.081660594,-0.004469702,-0.062954239,-0.054067414,-0.073095826
-0.041818182,-0.058339406,-0.03672173,0.077805751,0.035767889,0.024251632
-0.051818182,-0.068339406,-0.047721717,0.028656214,0.027754552,0.014251632
-0.011818182,-0.028339406,-0.009721751,-0.003726544,0.019489907,0.054251632
0.006,-0.006299284,-0.036000056,-0.00984755,0.029761209,-0.060871993
0.186,0.173700716,0.143999944,0.171222855,0.199949654,0.119128007
0.076,0.063700716,0.021999979,0.057261587,0.091789213,0.009128007
-0.078974359,0.113700716,-0.101159114,-0.115380725,-0.063481675,-0.17845115
-0.024,-0.036299284,-0.066000056,-0.021934807,0.004471268,-0.090871993
0.056,0.043700716,0.013999944,0.122207552,0.111651618,-0.010871993
-0.096029412,0.113700716,-0.108025628,-0.132448455,-0.077546623,-0.194058274
0.006,-0.006299284,-0.011000021,0.092277172,0.048028731,-0.060871993
-0.143913333,0.026450204,-0.112348315,0.025664674,0.021294766,-0.005147286
0.031842105,-0.011267303,0.041000073,-0.045202417,0.046821606,-0.013074373
0.035,-0.051267303,0.00200006,-0.025027909,0.035849593,-0.053074373
0.075833333,0.228732697,0.172423537,0.067720723,0.064691862,-0.005011733
0.001842105,-0.041267303,0.01200006,0.019845473,0.040136716,-0.043074373
0.021842105,-0.021267303,0.102000053,0.047225834,0.055898457,-0.023074373
-0.055566666,-0.142266643,-0.268736449,-0.213276815,-0.232338989,-0.299186665
0.03375,0.067383455,0.003000064,0.047494576,0.125417567,0.106517914
-0.068974359,0.107383455,-0.064999917,-0.147210657,-0.039853321,-0.082599854
0.02375,0.057383455,-0.015999939,0.097877677,0.093194747,0.096517914
-0.086029412,0.107383455,-0.047999927,-0.072798321,-0.053918269,-0.09765113
-0.014,-0.007183489,2.38E-08,0.019713273,0.089792716,0.109265567
0.006,0.012816511,0.020000024,-0.037578159,0.013438242,0.013552435
0.026,0.032816511,0.040000024,-0.047153591,0.150793255,0.149265567
0.088,-0.007183489,-0.135987049,-0.148556227,-0.119731523,-0.128734216
-0.004,0.002816511,0.010000024,-0.043504783,0.122090443,0.119265567
-0.038095238,-0.187165267,-0.059999976,-0.143939824,-0.221380818,-0.123663623
-0.08,0.292834733,0.420000024,0.10812133,0.036489438,0.157175773
0.001904762,-0.147165267,-0.019999976,-0.065510997,-0.158065708,-0.083663623
0.036666667,0.157646899,0.216000001,0.031063261,0.064689062,0.059677535
-0.013181818,-0.112353101,-0.031999984,-0.035695121,-0.070613079,-0.096404917
0.086363636,0.177646899,0.238999963,0.073134361,0.089758884,0.07788195
0.046,0.247646899,0.020305998,0.019442683,0.046900679,0.027522454
0.036666667,0.007646899,0.08,0.056702082,-0.010051253,0.023595083
-0.003181818,-0.102353101,-0.03,-0.040008353,-0.073575578,-0.086404917
-0.0864,-0.085441766,-0.596399998,-0.038488653,-0.011887339,0.021291248
0.2,0.049738604,0.081881602,-0.250597914,-0.137211886,0.034924741
0.03,-0.120261396,0.000881588,-0.340578563,-0.211568939,-0.022425161
-0.01,-0.160261396,-0.039118412,-0.38684624,-0.24972938,-0.062425161
0.09,-0.060261396,0.060881588,-0.285371052,-0.212356554,-0.043487592
-3.33E-16,-0.150261396,-0.029118412,-0.355672496,-0.199866975,-0.052425161
-0.01,-0.160261396,-0.039118412,-0.348533265,-0.212928862,-0.062425161
-0.3722,-0.124677499,0.456133328,-0.33329801,-0.262709459,-0.04202275
-0.004166667,-0.006396971,0.001055174,-0.015062839,-0.121758607,0.008375047
0.055833333,0.053603029,0.061055174,0.046379992,-0.065700398,0.068375047
0.083333333,0.093603029,0.101055174,0.029098692,-0.118113081,-0.007338085
0.085833333,0.083603029,0.091055174,0.029815482,-0.019153103,0.098375047
-0.004166667,-0.006396971,0.001055174,-0.163060945,-0.100758068,0.008375047
-0.276029412,0.083603029,-0.298007201,-0.082539977,-0.255036234,-0.151616936
-0.014166667,-0.016396971,-0.008944826,-0.036741765,-0.098899879,-0.001624953
0.085833333,0.083603029,0.091055174,0.019377531,-0.057725525,0.098375047
0.028,0.023547786,0.05725457,-0.022381794,0.118064265,0.085670535
0.078,0.073547786,0.068254595,-0.011934843,0.075651582,0.019957403
0.123333333,0.273547786,0.210254567,0.074018531,0.162793377,0.128330797
-0.022,-0.026452214,0.013254552,0.048128963,0.08074632,0.035670535
-0.022,-0.026452214,0.018254547,0.08970051,0.093006595,0.035670535
0.135133333,-0.00164463,-0.078151381,-0.018978905,-0.045825069,0.024519145
-0.013181818,-0.124775112,-0.042207577,-0.080015005,-0.119352048,-0.027407071
-0.013181818,-0.124775112,-0.042207577,-0.032224662,-0.123382253,-0.027407071
-0.008974359,0.185224888,-0.043825518,-0.015766816,-0.022594932,0.045121744
-0.013181818,-0.124775112,-0.042207577,-0.224352284,-0.102381714,-0.027407071
-0.08,0.075224888,0.157792423,-0.020736282,0.010048783,0.09013281
-0.023181818,-0.134775112,-0.052207577,-0.035312126,-0.113071189,-0.037407071
-0.119884849,-0.075670267,-0.405573799,-0.061710737,-0.10878813,0.024695392
0.008190476,0.052335452,0.002492868,0.253899201,0.33984011,0.220009594
-0.011809524,0.032335452,-0.017507132,0.224025517,0.311868114,0.200009594
0.018190476,0.062335452,0.012492868,0.306486998,0.387443397,0.230009594
0.048190476,0.092335452,0.042492868,0.362901758,0.411730519,0.260009594
0.028190476,0.072335452,0.022492868,0.357523089,0.387492261,0.240009594
-0.011809524,0.032335452,-0.017507132,0.341982205,0.336120969,0.200009594
0.283133334,0.20230057,0.200800753,0.084345857,0.100176845,0.122781266
0.041025641,0.265621563,0.08198405,0.052563675,0.062650375,0.080373445
-0.0153,-0.124378437,-0.041001506,0.006603726,-0.105531442,-0.071981794
-0.0153,-0.124378437,-0.039001532,0.005456298,-0.097136407,-0.071981794
-0.0353,-0.144378437,-0.058501508,-0.027981561,-0.117825883,-0.091981794
0.142173913,0.133935817,0.173308177,0.168301602,0.285836377,0.025170144
0.218,0.273935817,0.269499717,0.186255789,0.312978172,0.043931372
-0.007826087,-0.016064183,0.034308155,0.015601354,0.268111465,-0.009116724
0.282173913,0.273935817,0.324308155,0.274509548,0.496223933,0.280883276
-0.194676923,-0.22077684,-0.234810189,-0.123862976,-0.141574293,-0.772727267
-0.052110256,-0.082902388,-0.077243537,-0.118897367,0.03355255,-0.093214638
0.007889744,-0.022902388,-0.019243541,-0.095764411,0.087771201,-0.033214638
0.017889744,-0.012902388,0.001756467,-0.05316563,0.124553089,-0.023214638
-0.032110256,-0.062902388,-0.041243534,-0.056788717,0.089473164,-0.073214638
-0.022110256,-0.052902388,-0.038243533,0.119146963,0.083863614,-0.063214638
-0.052110256,-0.082902388,-0.062243521,-0.117899672,0.066411278,-0.093214638
-0.022110256,-0.052902388,-0.033243538,-0.041476717,0.085850277,-0.063214638
0.022307692,0.038275728,0.037999988,0.168311503,0.186405341,0.158154325
0.023333333,0.018275728,0.000999968,-0.067208567,-0.037025989,-0.066273108
-0.027692308,-0.011724272,-0.010000038,0.072309184,0.163187229,0.108154325
-0.017692308,-0.001724272,0.005000017,0.136307001,0.193820181,0.118154325
-0.007692308,0.008275728,0.011000009,0.16060351,0.198107304,0.128154325
-0.017692308,-0.001724272,-3.81E-08,0.096471665,0.174484417,0.118154325
-0.15,-0.014973901,-0.040443318,0.024949102,-0.163517149,-0.010062378
0.091941026,0.065026099,0.041556656,0.01847028,-0.078447327,-0.04577551
-0.098058974,-0.124973901,-0.106443348,-0.074153585,-0.159487349,-0.120062378
0.011941026,-0.014973901,0.005556686,0.057230063,-0.041092314,-0.010062378
-0.008058974,-0.034973901,-0.047443366,0.047204836,-0.148661817,-0.030062378
-0.008058974,-0.034973901,-0.014443314,0.191433218,-0.06178179,-0.030062378
0.219754762,0.165741463,0.208166535,0.149068023,0.077842165,0.142078026
-0.000245238,-0.054258537,-0.000833428,0.017834858,-0.037063097,0.037791158
0.059754762,0.005741463,0.059166572,0.037014533,0.035197177,0.097791158
0.169754762,0.115741463,0.169166572,0.267567414,0.057627674,0.12592517
-0.030245238,-0.084258537,-0.030833428,-0.045141048,-0.053505634,0.007791158
0.004395833,0.040658994,-0.018688822,0.104306743,-0.043738414,-0.003541796
0.014395833,0.050658994,0.000311182,0.04591681,0.063744092,0.120794015
-0.015604167,0.020658994,-0.021688862,0.101217675,0.011521272,0.090794015
-0.005604167,0.030658994,-0.011688862,0.137014947,0.083606497,0.100794015
0.074395833,0.110658994,0.068311138,0.149033391,0.101718965,0.180794015
-0.00912,-0.001569984,0.085502014,0.075714379,0.083592697,0.026057716
-0.028974359,0.138430016,0.009010613,-0.092939151,-0.018893545,-0.071061618
-0.00912,-0.001569984,0.071502016,-0.041718238,0.062924638,0.026057716
-0.00912,-0.001569984,0.040502057,-0.043511673,0.024154523,0.026057716
-0.02912,-0.021569984,0.070502069,0.246722264,0.071952625,0.006057716
-0.00912,-0.001569984,0.088502035,0.061072532,0.08200149,0.026057716
-0.01912,-0.011569984,0.06650207,-0.012657957,0.062616861,0.016057716
0.00088,0.008430016,0.050502057,-0.038028892,0.034352216,0.036057716
0.067546667,0.075096683,0.113168716,-0.108503853,0.091239523,0.102724383
0.105384615,0.097776953,0.069205084,0.275257081,0.198021621,0.110600156
0.105384615,0.097776953,0.069205084,0.259706912,0.19986118,0.110600156
0.035833333,0.137776953,0.092205064,0.033276851,0.034278732,-0.076885808
-0.114615385,-0.122223047,-0.147794895,0.056619958,0.015485326,-0.109399844
0.075384615,0.067776953,0.041205058,0.205955006,0.196100698,0.080600156
-0.10775,-0.078468696,-0.046904132,0.032334666,0.07548168,-0.048125558
0.06225,0.091531304,0.114095864,0.192268588,0.182854507,0.039409865
-0.05775,-0.028468696,0.005095842,0.147979732,0.171056962,0.001874442
0.043970588,0.121531304,0.027677294,0.073054288,0.056145844,-0.101210456
0.08225,0.111531304,0.144095855,0.238281471,0.291721198,0.141874442
-0.028157895,-0.09119824,-0.07391166,-0.054330482,0.005927553,-0.013820947
-0.038157895,-0.10119824,-0.086911681,-0.060106217,-0.008102653,-0.023820947
0.011842105,-0.05119824,-0.039911642,0.004704818,0.037955557,0.026179053
0.091842105,0.02880176,-0.023911653,-0.064840098,0.025542874,-0.009534079
0.111842105,0.04880176,0.017088315,-0.010528398,0.075328384,0.055853383
-0.038157895,-0.10119824,-0.060911658,-0.029078967,0.027817962,-0.023820947
0.061842105,-0.00119824,-0.004911628,-0.006666323,0.06593043,0.076179053
0.015753333,-0.082974945,0.012341404,-0.178758462,-0.173881601,-0.038348585
-0.156666667,-0.042974945,0.052341404,-0.14459282,-0.239336102,-0.113041049
0.005753333,-0.092974945,0.002341404,-0.164884114,-0.191853597,-0.048348585
-0.125,-0.102974945,-0.007658596,-0.219191056,-0.176911267,-0.058348585
-0.014246667,-0.112974945,-0.017658596,-0.207418765,-0.27448077,-0.150880691
0.003970588,0.317025055,-0.019232047,0.076362857,-0.001189433,0.108359268
-0.034246667,-0.132974945,-0.037658596,-0.14868287,-0.207600742,-0.088348585
-0.014246667,-0.112974945,-0.017658596,-0.108305898,-0.175053078,-0.068348585
0.03031,-0.019603409,0.006180751,0.036423688,-0.009513917,-0.003947507
0.046666667,0.170396591,0.182180753,-0.049163628,0.075031582,0.07170263
-0.04969,-0.099603409,-0.065819232,0.016051609,-0.060270559,-0.083947507
0.03031,-0.019603409,0.006180751,0.048138302,-0.013544122,-0.003947507
0.05031,0.000396591,0.026180751,0.053868423,0.002514087,0.016052493
0.046,0.250396591,0.016263343,-0.005208045,0.047243199,0.029083971
-0.02969,-0.079603409,-0.053819249,0.032692157,-0.064803858,-0.063947507
0.023970588,0.250396591,0.020827599,-0.0231168,0.033178251,0.01351696
-0.01969,-0.069603409,-0.043819249,0.01755567,-0.030685394,-0.053947507
0.02031,-0.029603409,-0.003819249,-0.052596013,-0.04951104,-0.013947507
-0.02,-0.056416681,-0.001999991,0.058629704,-0.128701273,-0.072211106
0.021025641,0.323583319,0.02673279,0.10197991,0.047867398,0.073285387
0.04,0.003583319,-0.005000014,-0.07747277,-0.129488887,-0.093640721
-0.05,-0.086416681,0.019999995,0.065884611,-0.111286432,-0.102211106
0.003970588,0.323583319,0.004247832,0.163085201,0.03380245,0.057880309
-0.05,-0.086416681,0.010999992,0.02431335,-0.120061195,-0.102211106
-0.006666667,-0.043083348,0.001333352,-0.107749182,-0.145332869,-0.058877773
0.055384615,-0.004849975,0.063000014,0.044015927,0.162673552,0.003416932
-0.034615385,-0.094849975,-0.013999975,-0.040675961,0.091060405,-0.086583068
-0.004615385,-0.064849975,0.013999991,-0.023385614,0.117195165,-0.056583068
0.005384615,-0.054849975,0.05500001,0.038040363,0.160088393,-0.046583068
0.255833333,0.305150025,0.228000003,0.189403993,0.268930662,0.093542593
-0.044615385,-0.104849975,-0.007000015,-0.011936809,0.104375515,-0.096583068
-0.074615385,-0.134849975,-0.041000023,-0.03214513,0.060752628,-0.126583068
-0.062,-0.054849975,-0.000999985,0.007007806,0.092487983,-0.046583068
0.045384615,0.010788206,0.046600025,0.010689822,0.167838071,0.03398918
0.085384615,0.050788206,0.079600055,0.031876604,0.198026516,0.07398918
0.224,0.350788206,0.213600047,0.150861866,0.294595187,0.153808438
-0.024615385,-0.059211794,-0.017399933,-0.053841571,0.10641337,-0.03601082
0.155384615,0.120788206,0.135600057,0.141759809,0.247643255,0.14398918
-0.024615385,-0.059211794,-0.012399938,0.051498896,0.114808405,-0.03601082
0.0575,0.100788206,0.08760006,0.031371937,0.187238902,0.04753304
0.035384615,0.000788206,0.071600051,0.06319313,0.195441357,0.02398918
-0.014615385,-0.049211794,0.009600027,-0.034128882,0.13972848,-0.02601082
0.035384615,0.000788206,0.056600065,0.022699973,0.185490221,0.02398918
-0.036077778,-0.145521316,-0.015816929,-0.168872922,-0.219045321,-0.109069235
0.083922222,-0.025521316,0.028183095,0.133041555,-0.136260674,0.010930765
-0.036077778,-0.145521316,0.00118309,-0.087544587,-0.231318344,-0.109069235
-0.026077778,-0.135521316,-0.04281693,-0.109019178,-0.200685392,-0.099069235
-0.036077778,-0.145521316,-0.018816891,-0.050258882,-0.230021156,-0.109069235
